Actual,Predicted
4924,4847.865
3800,3799.435
5124,5327.79
4986,5152.185
4735,4717.75
3055,3067.445
1724,1720.075
4028,4024.725
3397,3397.46
5597,5588.475
5332,5325.615
315,315.0
411,411.01
341,341.22
4668,4666.43
278,278.0
823,810.38
306,305.71
1332,1331.655
3348,3347.71
5337,5335.135
439,438.98
5992,5979.805
4144,4144.865
2938,2976.155
5033,5031.535
1929,1929.175
5670,5672.255
6321,6301.14
3979,4007.25
5502,5359.16
3400,3400.08
5600,5498.06
325,325.48
5681,5675.315
1983,2048.96
1103,1101.815
3687,3687.17
4094,4037.525
4878,4878.06
6885,6873.955
2555,2553.395
955,936.83
4527,4527.23
2449,2448.505
4848,4843.9
3884,3875.68
1152,1152.15
5997,5990.225
381,380.45
4742,4755.69
6285,6284.845
5462,5455.75
3375,3342.345
4824,4818.855
335,335.035
3330,3329.25
986,985.57
1478,1477.14
326,322.65
2892,2924.285
4799,4744.78
624,622.665
6465,6465.095
334,334.18
5776,5759.09
2809,2809.235
4809,4807.775
930,910.76
4199,4233.825
5841,5845.285
4718,4647.765
4996,5089.395
3564,3563.105
1446,1446.59
225,224.58
6136,6131.75
263,262.97
4296,4298.13
6366,6355.07
510,541.675
1581,1583.105
1089,1088.475
2581,2581.075
4439,4436.785
1686,1685.525
6759,6760.0
4412,4415.105
868,868.055
3551,3679.965
4304,4303.975
3090,3148.83
5411,5396.525
6109,6107.83
5073,5062.43
4648,4648.16
6260,6253.015
2597,2597.24
232,231.85
2974,2974.125
2869,2869.455
2166,2164.145
918,913.85
4918,4792.59
4081,4193.255
2030,2029.94
1042,1042.135
5863,5861.705
4450,4449.395
4272,4274.315
4506,4507.755
4264,4263.925
977,977.26
4933,4923.96
930,938.385
2635,2636.31
4896,4905.15
4931,4869.115
536,536.11
5891,5369.06
5311,5308.83
1283,1283.06
295,294.73
3134,3132.59
1556,1555.71
6472,6471.705
4837,4836.96
789,789.12
941,942.25
369,375.535
414,414.075
5348,5346.44
5267,5294.77
4477,4490.53
4339,4345.69
372,629.485
6466,6472.64
3168,3174.33
486,485.995
3524,3527.955
4103,3934.215
5025,5064.68
4572,4569.635
5825,5832.02
3629,3628.7
6308,6307.0
4387,4386.74
5570,5569.125
5846,5759.59
2730,2730.12
5544,5544.03
6222,6228.265
3810,3827.395
2666,2679.77
5400,5397.945
4858,4856.765
5669,5635.535
4348,4348.14
1743,1742.18
1164,1162.53
5792,5758.795
344,343.96
3329,3328.595
4582,4582.0
926,925.695
6027,5998.485
6599,6598.155
834,832.77
2564,2563.615
1002,1001.32
3074,3072.345
2586,2592.01
4634,4635.405
3353,3353.65
5343,5337.715
1011,1010.52
353,353.17
6597,6596.17
3487,3487.025
3848,3874.275
3815,3813.82
5646,5640.825
4622,4621.785
824,821.89
5456,5373.64
4649,4649.875
3864,3805.125
1478,1517.515
2843,2849.615
3830,3828.255
4761,4759.065
955,955.54
837,836.84
911,909.71
1827,1826.24
359,357.38
3670,3683.695
3048,3047.775
3119,3118.49
2157,2161.52
4405,4480.185
2875,2886.13
2344,2347.185
3400,3400.035
3870,3870.84
3440,3439.6
4600,4586.495
4537,4511.42
4683,4676.005
3233,3176.455
4291,4290.84
509,508.96
6059,5973.325
4896,4893.435
2826,2815.955
4853,4852.69
2003,2005.26
929,887.35
4664,4656.235
5410,5407.955
1412,1418.47
4893,4869.685
3991,3982.32
1371,1371.04
4586,4551.25
2420,2422.95
6062,6062.315
495,495.05
690,690.0
3121,3086.625
4530,4530.935
535,535.025
382,381.99
4247,4246.705
5757,5756.345
385,387.045
4982,5035.06
299,310.455
2740,2745.585
604,603.995
4881,4884.33
912,911.97
2107,2106.525
350,355.45
2144,2145.555
4327,4340.14
2040,2047.1
4935,4935.015
2488,2488.99
4898,4868.74
908,907.37
4876,4875.645
2744,2742.74
2038,2037.325
2994,2994.765
6395,6394.96
5855,5855.02
5373,5325.955
3882,3881.585
5326,5321.82
5211,5207.34
6165,6164.43
912,912.01
5540,5539.745
742,829.99
1462,1464.915
4043,4060.1
4016,4288.025
6076,6065.06
2535,2533.485
389,388.915
339,338.935
6375,6332.06
482,479.525
5684,5709.16
624,623.97
5600,5578.36
4015,4013.32
5276,5276.165
2465,2462.62
4308,4333.965
4262,4269.21
4434,4435.125
4402,4417.04
4139,4220.03
5816,5814.045
4941,4940.975
4790,4747.725
5888,5887.77
984,991.555
3216,3207.355
4742,4757.415
291,290.77
6252,6244.72
5446,5420.025
5603,5529.535
1862,1860.41
2756,2756.1
3094,3201.3
5323,5402.595
4619,4647.235
4807,4807.935
539,539.005
3789,3789.505
351,354.205
4778,4784.41
1696,1678.46
4620,4644.7
3088,3087.92
5420,5433.88
2913,2921.89
348,347.98
2325,2325.815
389,395.7
3137,3135.195
2570,2570.55
817,816.795
2322,2320.18
1118,1117.88
1935,2142.085
3096,3103.445
4428,4408.12
1209,1462.72
6717,6716.105
4843,4841.82
1929,1932.57
4344,4343.66
1256,1256.075
3189,3189.02
5349,5343.955
300,300.055
3640,3639.79
1952,1951.385
1550,1527.595
4794,4818.645
6394,6392.875
2776,2775.795
485,485.295
5629,5628.81
4624,4608.45
2002,2001.845
3489,3489.025
2648,2648.99
3154,3162.235
1898,1894.335
6318,6318.18
561,561.07
5205,5176.075
2641,2640.85
4673,4681.27
401,408.685
862,862.005
277,276.995
3911,3954.27
2442,2441.685
6590,6589.59
4494,4493.88
5325,5327.04
5232,5227.925
5359,5348.22
5062,5052.52
3901,4134.385
360,355.76
2049,2048.23
351,351.025
6371,6370.925
826,826.07
1337,1336.965
4122,4144.06
2909,2908.92
1922,1934.475
4321,4346.82
952,951.69
4807,4802.1
4801,4797.655
2526,2514.745
5183,5182.1
5737,5732.97
538,538.015
5930,5939.635
6246,6241.335
5815,5793.38
5480,5476.545
6157,6130.53
3916,3775.815
4739,4739.385
628,627.99
657,655.285
6350,6349.59
827,825.755
6095,6097.67
388,387.975
4513,4120.55
4913,4891.96
904,903.945
4785,4797.08
4412,4412.15
4696,4695.79
948,945.14
5276,5267.06
351,351.01
5800,5792.52
1696,1694.045
5773,5773.065
2053,2052.285
4512,4516.055
2306,2323.12
1495,1495.255
4325,4322.45
1306,1345.995
2929,2916.525
4092,4051.375
2261,2266.1
2112,2179.79
4652,4640.3
5871,5870.63
4731,4722.98
5979,5978.46
3001,2995.525
1880,1882.975
4029,4028.895
243,242.985
870,870.005
4494,4481.97
381,381.115
5601,5615.49
3223,3223.01
538,537.905
2872,2872.08
2002,2002.75
5324,5367.965
5279,5526.79
4911,4910.89
3928,3929.135
792,772.515
4802,4801.285
3599,3867.3
5832,5832.105
4876,4875.515
2651,2649.995
2339,2346.075
1370,1370.245
5210,5208.625
4679,4679.465
2665,2664.55
3267,3224.59
5191,5198.43
352,347.985
4494,4496.96
2638,2637.16
6046,6045.76
6330,6330.025
4751,4751.38
857,857.29
1938,1939.035
2903,2909.14
342,341.925
6300,6299.49
779,779.1
4662,4727.39
4368,4368.04
2466,2465.685
6257,6256.505
5511,5507.62
4272,4243.72
2497,2497.825
6330,6329.765
3019,2971.335
413,412.995
1242,1241.775
5901,5899.305
6435,6434.785
881,880.965
5003,5002.965
3538,3539.625
4107,4113.265
5821,5817.92
2652,2652.105
4379,4381.135
656,656.315
984,985.0
4206,4208.985
5874,5623.63
305,309.43
676,676.09
4694,4693.99
5518,5517.925
6483,6413.17
353,353.035
5528,5476.235
376,375.99
331,329.465
4621,4636.375
3959,3939.375
3250,3250.205
4383,4371.95
5219,5198.72
4735,4713.86
1703,1720.275
1354,1328.295
3237,3214.715
964,975.25
1050,1042.91
5731,5730.505
1583,1581.555
374,384.575
4755,4770.91
3420,3419.935
1581,1580.855
318,317.885
3675,3673.815
2577,2577.075
5623,5616.37
420,419.985
2491,2504.35
890,887.215
5667,5601.6
2894,2896.155
5695,5679.17
4443,4436.155
3101,3105.385
4872,4868.605
986,984.855
543,543.005
373,372.985
3845,3839.18
3620,3619.71
309,309.015
1083,1083.175
1371,1527.77
2830,2844.145
4390,4543.845
835,831.29
2422,2418.105
1871,1871.055
2629,2647.67
4673,4690.425
3233,3233.0
2897,2896.41
1350,1350.425
2484,2484.445
5388,5321.57
5953,5940.315
908,908.1
5210,5205.48
2147,2126.065
4749,4752.66
4344,4343.985
4075,4071.62
4579,4573.925
2543,2535.0
5598,5612.65
2037,2038.815
6125,6125.755
5765,5774.23
3202,3201.77
304,318.5
690,689.96
4509,4545.66
5982,5981.825
2824,2823.275
6176,6175.5
4372,4361.205
2820,2786.365
4973,4972.81
389,388.935
3854,3866.855
4742,4738.845
3303,3291.785
3260,3261.985
2634,2633.955
5876,5861.995
4149,4148.18
560,562.375
4946,4970.255
321,321.015
222,221.41
5354,5333.075
772,771.86
2901,2900.64
262,262.09
325,324.975
315,318.345
1196,1210.405
360,361.23
6137,6136.835
701,700.9
2045,2025.86
6577,6577.965
4802,4799.95
1174,1173.585
6868,6867.445
5784,5775.295
1533,1532.03
3619,3605.96
1866,1865.495
324,334.465
4844,4840.87
955,781.76
2951,2951.15
544,543.99
440,440.075
4325,4318.16
5426,5408.365
4383,4392.87
6291,6254.645
319,319.015
4974,4974.005
4501,4492.535
2603,2602.845
4612,4671.715
4232,4235.33
4681,4681.285
3270,3266.435
5199,5196.42
364,369.695
4506,4505.985
2036,2035.165
500,507.85
356,356.03
5256,5238.59
291,291.84
1296,1297.025
4690,4683.285
770,769.745
4457,4459.785
5954,5970.085
365,364.6
498,498.01
5876,5859.245
4259,4263.31
5678,5668.3
656,824.73
335,334.545
2924,2924.205
3092,3093.405
2773,2782.96
4763,4762.375
3892,3891.165
1019,1018.46
5273,5271.885
4734,4736.11
252,252.7
2866,2862.87
247,246.8
5311,5309.63
797,797.105
4083,4052.495
5236,5257.4
5338,5332.23
4982,4982.145
2195,2194.915
5222,5221.015
398,389.145
4639,4637.465
2355,2355.73
1074,1074.12
3047,3047.905
5034,5033.415
5062,5056.205
6659,6656.975
3168,3168.395
3015,3015.425
4667,4504.855
4271,4241.91
2416,2414.635
6152,6151.71
5837,5823.495
5521,5524.94
3697,3696.93
709,708.35
4787,4746.225
542,539.4
4675,4717.135
6274,6273.68
262,262.065
2081,2082.235
5948,5944.88
4564,4560.36
4695,4698.375
4892,4891.93
912,912.08
2617,2501.09
2023,2018.9
2105,2107.155
362,362.145
373,373.71
1182,1183.53
4032,4032.365
4508,4507.565
4636,4639.39
349,349.155
1489,1490.195
812,811.835
4793,4790.76
5062,5099.09
5932,5931.785
5382,5357.205
4329,4327.1
811,811.03
5041,5031.085
3363,3313.515
5736,5720.685
1377,1376.805
562,733.425
1616,1616.105
4641,4654.0
5321,5344.385
6180,6179.955
2615,2618.535
3060,3059.645
600,595.605
4969,5160.375
807,807.005
304,304.035
826,822.455
5675,5674.795
688,687.715
359,353.095
5034,5034.695
5050,5142.36
2915,2914.9
6393,6392.75
5212,5196.2
3148,3148.14
3102,3101.775
3854,3842.705
2683,2682.955
2951,2950.835
6325,6317.955
2871,2870.25
4456,4455.73
753,752.585
1149,1150.31
396,397.645
1944,1944.38
806,795.975
750,733.465
1770,1769.27
4493,4489.3
3013,3012.135
5334,5344.405
4460,4459.98
377,378.39
1025,1024.205
4144,4144.515
400,400.42
5471,5390.98
387,386.355
2497,2496.695
391,418.715
4881,4906.47
4198,4199.21
4556,4551.05
6200,6200.175
848,848.005
5292,5256.975
4963,4980.99
5487,5484.845
4226,4225.85
1669,1884.855
458,460.84
5518,5517.54
4377,4379.155
4598,4579.075
3572,3571.77
1530,1529.875
2322,2321.53
4178,4167.955
264,263.945
1889,1888.205
4865,4848.755
4830,4856.6
565,565.005
4229,4230.12
6302,6298.605
427,425.31
5617,5615.655
933,931.03
6263,6263.15
4891,4901.57
3681,3663.795
2409,2409.975
5081,5079.45
4446,4445.485
4908,4907.46
268,268.055
5970,5979.885
3935,3927.025
543,543.0
6255,6255.105
5687,5676.905
4229,4230.98
2554,2544.085
802,607.855
4532,4531.405
4435,4415.72
1826,1825.76
6453,6307.635
4571,4549.385
3938,3941.275
4563,4491.33
4533,4533.11
2723,2721.12
3559,3558.765
113,127.885
5347,5335.265
861,860.08
419,419.07
2483,2472.535
2314,2248.75
5574,5571.265
3909,3910.765
4750,4750.025
5751,5733.505
4146,4156.515
819,824.81
1288,1287.235
4858,4860.285
3725,3724.715
3619,3618.73
4578,4573.665
785,784.845
2928,2921.17
2938,2937.725
699,699.07
1613,1613.175
4979,4979.085
1935,1935.5
6409,6409.035
305,309.87
4012,3996.665
1367,1366.255
4501,4495.605
2078,2053.55
1092,1092.715
211,244.08
406,405.92
2334,2336.26
1295,1294.925
722,664.14
2874,2872.03
4715,4779.085
3762,3750.21
436,435.995
4927,4926.585
6000,5961.795
4370,4357.88
3722,3708.88
3469,3459.61
5173,5186.28
5118,5117.58
4985,5219.91
3576,3586.0
6179,6179.635
2117,2119.295
4235,4229.82
6294,6219.54
3143,3160.73
4400,4380.65
340,360.065
958,958.2
3037,3036.995
587,587.035
1064,1064.06
264,263.99
5784,5805.19
2843,2842.885
2562,2561.85
732,731.03
5294,5245.245
504,503.92
5032,5032.015
4447,4446.095
4636,4629.345
3299,3295.26
3637,3608.285
718,717.94
2639,2626.21
2883,2883.02
501,501.12
4638,4638.195
3914,3913.72
2534,2533.64
5444,5433.915
531,531.195
4803,4812.49
5527,5492.07
4919,4919.64
468,472.975
5078,5076.785
3371,3281.47
4722,4713.5
4271,4288.95
4708,4720.43
3544,3542.695
2754,2757.7
4989,4988.9
400,399.875
368,371.465
5029,5028.065
4371,4406.065
5192,5234.69
6360,6358.925
348,348.255
4625,4625.315
5066,5074.405
859,859.87
659,658.865
5425,5393.78
2779,2778.48
836,835.6
3118,3117.885
3083,3051.18
374,374.04
2823,2822.69
2245,2245.1
3981,3973.81
5538,5537.915
358,360.885
5794,5800.395
4877,4871.395
2169,2180.97
3282,3282.065
6032,6061.41
3007,3005.825
5020,5013.655
6495,6498.165
6235,6228.305
360,360.93
6438,6426.89
591,592.6
2406,2407.21
5796,5731.17
4699,4746.675
4728,4727.32
4548,4538.2
2836,2835.895
6827,6822.395
4863,4863.01
4826,4577.6
2953,2948.395
6450,6448.205
2700,2699.985
4167,4166.8
2373,2368.815
352,351.95
1326,1326.275
5568,5430.215
6799,6798.785
369,367.635
352,352.0
5130,5124.235
3062,3050.15
4568,4574.595
323,326.79
335,335.025
3540,3539.47
707,647.835
5829,5825.485
5400,5571.08
2763,2763.16
4256,4255.2
4623,4623.645
4728,4725.955
4414,4407.69
1116,1115.44
5619,5638.895
2875,2874.905
5395,5413.375
425,426.48
1035,1034.425
3001,3000.48
885,884.95
3099,3099.455
2083,2080.085
6873,6873.565
1806,1805.0
804,803.745
620,620.005
2984,2987.29
782,781.68
1753,1752.92
1544,1544.06
3931,3947.0
1166,1166.14
614,613.885
5827,5655.55
1135,1134.16
4513,4512.965
5379,5384.09
318,321.54
2048,2052.695
6010,5886.38
5475,5476.54
5002,5001.92
4654,4646.305
331,331.78
1165,1164.73
4570,4570.185
5626,5580.85
5646,5642.62
6315,6295.985
2800,2800.63
285,284.945
6752,6732.3
349,349.9
4908,4896.205
4219,4219.355
6264,6246.53
6060,6079.72
556,557.255
3360,3360.15
2666,2666.265
6054,6046.12
5845,5749.38
5895,5884.32
2669,2668.84
1656,1655.775
1356,1355.805
4524,4513.725
2776,2741.835
5275,5471.565
2240,2240.47
440,439.955
4222,4219.465
992,992.0
3973,3982.295
2732,2731.805
4933,4923.38
384,384.095
4700,4432.415
2979,2978.54
4176,4159.23
4501,4500.93
2917,2913.22
6811,6807.835
4438,4438.225
6401,6402.585
5115,5108.025
6496,6494.715
2424,2423.58
4537,4537.95
4546,4545.95
4730,4726.725
4634,4634.01
5004,5003.79
2055,2055.965
2839,2838.71
3755,3756.05
5716,5726.1
6621,6483.42
2368,2368.995
634,633.965
887,886.975
295,295.015
4759,4757.765
4657,4659.625
4293,4300.015
383,368.53
5526,5525.87
4651,4657.625
2992,3004.13
2521,2518.055
5515,5537.64
3252,3207.79
2528,2527.615
941,940.72
405,404.89
289,288.775
5050,5049.86
315,314.985
2909,2920.325
608,607.995
6364,6363.99
295,295.015
355,354.595
6074,6070.51
6603,6602.545
5156,5121.55
4945,4944.99
2452,2484.04
2881,2854.885
1797,1797.23
5344,5334.345
3367,3365.38
345,345.0
809,807.27
2298,2298.435
5359,5499.98
199,204.15
2549,2549.58
3761,3761.23
5581,5254.825
2784,2783.875
3036,3035.91
4303,4302.045
3586,3579.51
393,392.995
358,357.995
763,761.64
286,285.99
3990,3979.56
2020,2012.9
2867,2866.98
2200,2201.055
4297,4297.04
913,911.785
434,433.94
5358,5355.275
5032,5031.955
5826,5819.67
2499,2501.45
1908,1911.71
350,352.51
2761,2760.62
3541,3540.445
408,405.995
3787,3786.78
5999,5999.29
1070,1069.475
5786,5801.21
2886,2880.685
317,317.04
4294,4392.78
4637,4637.45
3737,3737.04
4693,4705.12
3340,3340.045
899,899.0
2122,2121.095
846,845.99
589,588.93
4464,4440.47
2526,2526.3
6032,6007.675
360,356.09
3068,3075.355
4998,5059.06
3014,3013.715
2011,2018.115
4518,4517.28
2147,2150.01
2618,2616.64
5592,5620.0
5961,5956.33
2597,2596.96
535,535.01
400,403.38
3249,3248.775
709,708.91
1434,1433.32
2922,2922.615
814,813.975
627,627.135
1507,1506.505
663,662.98
5227,5234.53
4466,4479.935
6595,6594.67
4490,4489.995
424,423.665
6062,6061.945
6559,6558.85
2491,2505.375
4631,4630.8
2802,2815.42
4307,4307.125
5268,5264.315
1237,1236.785
6219,6221.175
309,318.21
394,394.305
3435,3434.725
451,453.395
6481,6475.815
2783,2783.01
4452,4415.465
4986,4986.18
447,455.845
289,288.87
4188,4188.44
3260,3263.035
6182,6172.675
3029,2998.805
3335,3334.755
2499,2511.02
3124,3123.98
5655,5654.795
2234,2233.47
5262,5245.94
2820,2833.515
2628,2654.21
2542,2540.685
3557,3556.785
377,377.325
4510,4476.78
887,885.44
863,865.415
4567,4559.21
4994,4992.71
1272,1272.995
650,645.935
2694,2692.32
4982,4996.355
436,419.845
3990,3982.58
1582,1580.55
847,846.925
2975,2974.655
287,287.005
2826,2817.72
1648,1648.495
3195,3195.2
6601,6600.66
6137,6093.77
4359,4360.88
1916,1961.85
5735,5731.75
7,7.16
266,265.98
4543,4542.875
660,659.9
5069,5070.305
2198,2195.955
5772,5756.62
4774,4756.47
4489,4517.125
5092,5091.13
6206,6182.695
5693,5573.93
6057,6057.03
3565,3564.62
5394,5111.495
285,297.055
338,338.165
3441,3441.815
3049,3052.24
3749,3749.685
2452,2453.82
329,328.985
4525,4524.95
744,743.605
2077,2076.845
5426,5153.365
616,616.09
3598,3598.8
6091,6070.915
5409,5340.77
6298,6298.5
2597,2594.305
6612,6612.265
584,583.985
308,308.0
4960,4958.78
6256,6255.705
5588,5593.875
755,755.25
2728,2727.15
1110,1109.915
2361,2374.14
5106,5098.545
4755,4756.875
302,302.02
6315,6314.355
4911,4910.925
6763,6763.06
5755,5750.365
5147,5135.885
2556,2554.725
5278,5265.36
4984,4983.58
319,319.01
4928,4912.095
2587,2586.45
4846,4656.51
381,391.685
4783,4782.765
6458,6457.0
915,914.995
3126,3126.11
2266,2263.99
890,889.995
2068,2069.39
1371,1370.68
317,314.265
3386,3728.535
4500,4495.9
619,618.805
776,775.5
514,513.98
661,661.03
276,275.975
4695,4688.25
1228,1227.915
294,293.995
3403,3422.43
6488,6485.69
1373,1372.355
5640,5634.67
2147,2147.335
2489,2488.1
3562,3581.12
284,284.06
1259,1258.86
4271,4272.67
264,264.0
6888,6887.565
337,336.965
4251,4275.315
3812,3761.915
1051,1050.78
1708,1706.68
6606,6606.1
3097,3108.855
5027,5026.39
3429,3427.09
5525,5522.94
5791,5790.76
4412,4463.8
4893,4890.29
309,313.77
4815,4815.015
259,226.48
344,344.25
4794,4739.505
5801,5772.85
847,848.32
283,284.69
1278,1278.345
659,658.9
3441,3599.125
4001,3995.73
727,726.905
4520,4520.07
4541,4522.565
4714,4699.84
3026,3026.19
5068,5055.425
286,285.98
4479,4478.865
5882,5883.57
2368,2365.045
6566,6565.97
2264,2267.115
4944,4943.98
3299,3292.425
774,773.92
906,905.025
3799,3799.385
6562,6561.925
538,537.98
5770,5769.84
6173,6167.835
821,793.2
6833,6832.795
4958,4957.9
6647,6646.43
5100,5093.515
3476,3476.075
6245,6244.05
869,868.985
451,450.7
5658,5694.155
1053,1052.38
4501,4527.04
2928,2921.925
4017,4007.195
946,946.3
406,405.94
2466,2467.525
6261,6254.04
4636,4639.28
332,332.0
4058,4063.56
4353,4383.345
1785,1764.155
2862,2861.86
5995,6002.115
3125,3134.2
1431,1430.06
6503,6511.585
1024,1023.57
6091,6085.41
2587,2589.17
477,479.59
3280,3279.465
3004,3004.46
3355,3355.13
3798,3798.85
3201,3200.715
376,378.31
4362,4345.84
355,357.445
278,277.735
506,506.455
261,261.005
526,541.69
1482,1480.715
5012,5012.085
354,353.145
4625,4624.23
2755,2754.955
6837,6835.49
759,760.105
5623,5590.76
678,677.77
2632,2629.185
886,886.015
853,853.015
1570,1577.485
1052,1051.25
3773,3773.225
904,904.615
2455,2455.74
4285,4301.485
5104,5103.03
4878,4871.66
4233,4232.445
5771,5753.23
3752,3766.315
3618,3654.76
4534,4533.995
807,807.015
694,693.815
4402,4412.28
5063,5081.65
3126,3135.215
433,436.91
3173,3171.69
6095,6091.72
2076,2074.32
2412,2412.385
2560,2559.525
4740,4740.82
2065,2063.605
3664,3664.175
5107,5129.705
2732,2731.09
4526,4525.735
2160,2160.26
5525,5525.125
4996,4995.745
462,460.675
6065,6023.625
3627,3623.175
2921,2921.0
768,767.97
4334,4333.935
1099,1096.885
2504,2505.495
6450,6449.67
6352,6351.9
3723,3722.84
5198,5203.25
5611,5600.025
1684,1717.67
1866,1866.155
830,829.865
2792,2791.875
872,872.01
896,896.08
373,372.65
1899,1898.425
4665,4666.265
3900,3951.45
1108,1107.775
3789,3788.135
5912,5906.895
4270,4269.835
1840,1840.495
4688,4687.965
4905,4856.39
2672,2672.005
3966,3968.005
1084,1084.375
4397,4396.605
346,352.795
595,595.12
4710,4708.37
348,348.02
5252,5247.89
1070,1062.75
1095,1092.975
3224,3238.8
456,456.0
4594,4588.9
4032,4010.61
4306,4278.79
2264,2263.805
2282,2284.465
2446,2447.875
4545,4544.805
597,598.16
4059,4057.445
5092,5087.56
4696,4696.075
4778,4778.68
347,346.05
4627,4627.845
3103,3102.71
1424,1425.35
4260,4265.15
1191,1190.4
5882,5874.35
2300,2300.77
4807,4814.33
308,307.84
4942,4972.855
3690,3689.76
331,327.605
2296,2299.16
529,529.075
5426,5408.56
2994,2994.25
6518,6519.525
4893,4892.965
4193,4191.41
947,946.595
441,440.55
1595,1596.56
662,661.64
252,253.655
5666,5665.275
435,435.565
3637,3636.625
6236,6224.735
4913,4845.51
5411,5350.13
2373,2372.385
3426,3425.945
2863,2825.675
2568,2568.23
5331,5319.58
2077,2080.295
6525,6525.185
4807,4821.67
5573,5530.12
1656,1655.775
4874,4876.06
5516,5505.55
2703,2706.995
5237,5271.02
1866,1864.875
2929,2929.095
4555,4513.13
549,548.885
536,537.825
5901,5901.095
1367,1366.115
298,298.865
4787,4790.645
3209,3210.62
5121,5092.12
805,804.66
466,466.0
6669,6668.905
474,472.29
2894,2895.495
6358,6365.69
5447,5446.765
3461,3460.705
6326,6325.61
3054,3053.67
312,311.995
866,865.93
1614,1613.995
4714,4713.835
4972,4971.475
4224,4211.915
2435,2446.52
4584,4572.685
5264,5293.17
5397,5384.35
3475,3474.29
6574,6573.2
5440,5431.02
1115,1107.37
1676,1674.6
5031,5029.235
5604,5560.695
4855,4853.245
2804,2803.825
4699,4699.16
2101,2104.06
4911,4911.01
5226,5213.685
304,305.19
6446,6445.71
626,634.52
1284,1282.26
5557,5361.16
6147,6139.735
6153,6153.095
3238,3238.015
6234,6233.97
1195,1195.51
676,676.125
4049,4050.07
5953,5952.755
1297,1296.64
2632,2632.0
6455,6444.13
1577,1611.63
2257,2256.15
5153,5249.155
723,723.12
670,670.105
2846,2872.54
6370,6369.725
6992,6991.16
1038,1037.255
353,353.09
2733,2728.385
873,873.145
990,990.15
5517,5461.22
4943,5484.145
3162,3161.775
2856,2855.125
507,502.37
1657,1656.78
3814,3819.745
5945,5936.58
3849,3848.595
5806,5783.835
2340,2340.12
5994,5993.675
4564,4564.075
879,879.005
4211,4209.38
2432,2431.905
4619,4613.145
1194,1206.52
1028,1027.945
6304,6303.805
341,340.97
316,316.045
382,382.775
790,789.975
400,397.84
2198,2195.74
804,804.06
4544,4544.68
913,912.965
4582,4582.495
2449,2450.06
2904,2891.335
343,345.6
5846,5862.965
2218,2155.23
4671,4666.96
3007,3005.76
5696,5632.055
4631,4629.335
6078,6077.33
325,326.19
3664,3618.065
5150,5265.095
3029,3037.735
2112,2099.5
3370,3332.155
6525,6509.61
3727,3726.935
3047,3046.555
2929,2928.62
5875,5875.11
4074,4061.16
4465,4465.675
6400,6456.15
541,542.19
1489,1489.155
4825,4814.22
5788,5770.285
4991,4991.045
3873,3651.965
6116,6116.175
3298,3288.655
480,479.09
863,863.02
2857,2857.015
2507,2508.785
4582,4355.715
335,334.86
2783,2783.035
4814,4808.31
300,298.65
954,956.315
1010,1009.41
6347,6353.115
3232,3213.305
1413,1426.345
4737,4720.92
562,561.735
301,301.01
2202,2198.885
730,729.345
4542,4584.34
5850,5849.91
2632,2627.68
316,321.095
360,362.12
6023,6019.125
589,588.935
5205,5203.775
6005,6004.795
5821,5820.87
1811,1818.84
4557,4557.17
3469,3462.01
2126,2123.82
5227,5243.47
6548,6549.265
407,407.985
5620,5577.985
2692,2695.395
2753,2752.94
2130,2130.87
4282,4282.96
4498,4508.075
267,267.0
5320,5295.12
735,735.03
3349,3342.57
6756,6756.26
5813,5807.465
480,480.015
604,597.71
3696,3687.395
5054,5053.595
3039,3038.69
894,893.955
3690,3691.12
5607,5539.31
4256,4267.655
6218,6217.065
5841,5836.19
4747,4671.105
230,230.445
279,279.04
4893,4902.52
4343,4388.765
696,695.915
5799,5784.845
4059,4039.255
4619,4619.935
3813,3813.165
5332,5323.595
2711,2711.085
2056,2063.49
6354,6355.085
5003,5002.73
4858,4858.155
3294,3294.005
2632,2631.67
1896,1896.335
5853,5852.83
4634,4633.965
1471,1487.005
4769,4773.02
1328,1325.05
497,495.475
561,560.96
3220,3183.075
5768,5764.005
381,381.04
3971,3955.635
6642,6641.595
2302,2300.0
1487,1496.1
4131,4146.195
870,870.005
4042,4043.41
3947,3945.04
884,854.1
1181,1180.69
373,371.915
873,873.17
6038,6030.06
253,253.74
6935,6935.47
5132,5173.18
3240,3239.615
696,694.53
271,270.995
3631,3631.09
3192,3194.16
3140,3140.075
265,265.02
4930,4930.13
2938,2937.59
1279,1277.96
345,346.855
3006,3010.05
1531,1528.96
3068,3076.965
823,852.46
6971,6969.13
4117,4124.035
5744,5757.32
529,530.195
4981,4989.29
4596,4596.015
635,632.025
1941,1941.5
4911,4911.02
3789,3788.0
287,287.005
4266,4311.935
5285,5278.17
4191,4192.27
4982,4989.365
6475,6474.12
3913,3915.59
4781,4783.09
741,740.89
4329,4329.97
4757,4765.435
4466,4449.015
5281,5305.07
440,439.96
6381,6374.92
3972,3979.815
4937,4980.715
3616,3615.985
418,418.035
812,810.295
2917,2912.345
551,556.545
4455,4322.905
3700,3699.51
1848,1848.255
1407,1409.055
5302,5300.485
3514,3514.075
5047,5046.555
5426,5403.015
3871,3871.15
4311,4315.785
6420,6420.54
3594,3590.44
5766,5765.74
546,545.985
5447,5444.0
5287,5176.05
5129,5128.08
1221,1221.42
2457,2457.41
6601,6601.075
3571,3652.31
113,138.54
4711,4709.735
4605,4606.09
3246,3245.72
4077,4087.605
6659,6606.295
5556,5552.42
566,568.81
404,404.055
113,128.23
2626,2630.72
5348,5344.385
4695,4690.77
6450,6449.625
3934,4055.305
523,516.04
2357,2355.53
2020,2020.695
4771,4762.23
4187,4187.165
1477,1476.475
1007,1006.91
581,581.305
4607,4645.44
4343,4378.96
5359,5315.435
5347,5389.485
3979,4012.475
1856,1854.685
4284,4279.555
4357,4357.41
446,446.15
6739,6738.86
3132,3130.635
5678,5668.735
3283,3161.73
487,486.985
3032,3042.235
3849,3845.415
765,764.685
314,326.865
354,354.185
4236,4211.815
4512,4512.655
1860,1860.23
4536,4536.05
3204,3203.98
2404,2425.045
303,302.965
361,360.01
4763,4764.58
3420,3420.165
652,651.965
1605,1604.18
325,334.02
2447,2446.385
3520,3645.37
4301,4337.91
4333,4284.375
387,387.22
286,285.855
4871,4872.265
4919,4913.635
352,355.85
837,837.56
689,688.825
418,417.9
2694,2689.55
6672,6672.765
4548,4548.035
1053,1053.05
4994,4993.945
3919,3808.355
3001,3000.34
2510,2509.19
486,488.18
5104,5102.385
3331,3323.73
5393,5307.27
757,755.94
5226,5290.46
4492,4492.355
5159,5155.435
5862,5869.375
3616,3614.335
3554,3552.755
5364,5360.205
5764,5760.545
3258,3257.94
4459,4474.065
5881,5879.045
5060,5076.915
5175,5158.555
4349,4348.68
2432,2433.78
4278,4277.725
3678,3677.705
1693,1696.685
4756,4755.735
5909,5923.68
3708,3594.185
3250,3250.345
471,472.88
6424,6422.755
3834,3842.055
582,513.775
4278,4271.085
1232,1281.01
4390,4366.86
3996,4000.185
3910,3910.41
6976,6972.18
1727,1730.96
6421,6421.295
5865,5845.685
2687,2684.865
1074,1071.31
1984,1983.265
6027,6024.105
2855,2764.185
1459,1459.09
337,336.24
2829,2827.925
5236,5330.56
5830,5829.685
5565,5564.59
6527,6492.045
5697,5707.705
6533,6532.77
710,709.275
860,859.985
5351,5347.485
4720,4726.9
3759,3782.125
670,662.28
4872,4872.58
3954,3959.3
1990,1989.27
4770,4809.44
2741,2701.465
5185,5185.195
1724,1719.875
409,411.525
5093,5088.32
1928,1928.385
5842,5817.225
2115,2116.01
2807,2814.96
1169,1168.845
963,962.645
676,671.965
1799,1948.46
330,330.265
684,683.865
5132,5129.935
6701,6701.29
6493,6493.28
1128,1124.57
4108,4103.075
2298,2298.695
1395,1395.62
4499,4498.85
1129,1129.005
6298,6306.95
1702,1687.37
3897,3896.93
2396,2394.875
5434,6432.7
4734,4374.85
4330,4338.03
4642,4642.23
6777,6777.0
4983,4983.205
3252,3182.71
388,387.98
4929,4852.4
817,816.495
5770,5685.115
2336,2328.55
4590,4594.695
4601,4599.725
323,333.785
2973,2972.56
5943,5931.43
4584,4558.29
5375,5366.645
876,875.99
494,493.98
1123,1122.005
5693,5678.95
4669,4668.945
826,825.98
3057,3036.83
3446,3446.24
2815,2805.55
2807,2806.91
4307,4309.955
306,305.98
4749,4792.9
486,611.95
4489,4520.85
5097,5199.335
4677,4662.17
5952,5951.985
3145,3148.43
2508,2506.3
345,345.035
3289,3268.365
4518,4518.195
4523,4522.985
2027,2028.185
399,402.415
6080,6080.605
4232,4234.48
2969,2990.805
2455,2454.38
1230,1243.215
3957,3875.12
4529,4533.615
4989,5058.68
5091,5086.205
1516,1516.015
4930,4849.87
6681,6681.06
4778,4761.86
6047,6027.43
5837,5825.89
333,335.9
4308,4307.3
4399,4399.61
5896,5895.46
5883,5874.905
6244,6242.975
6045,6045.415
5403,5411.1
3910,3911.09
671,670.945
4181,4175.145
4632,4631.905
4703,4702.76
3503,3503.055
832,832.0
4549,4561.57
444,444.05
5676,5673.035
6000,5999.19
3043,3044.64
2222,2218.38
462,462.19
5028,5025.19
5030,5225.285
3438,3431.145
3991,4004.75
3349,3348.36
934,933.895
1338,2592.225
2892,2872.195
5862,5862.21
327,327.395
849,848.21
5783,5743.52
6104,6002.395
623,623.03
4967,4967.08
309,309.095
4881,4887.015
433,429.14
3250,3249.915
2587,2586.115
4776,4768.03
6497,6496.88
314,330.685
5318,5308.755
3157,3160.02
3449,3449.15
2409,2411.235
1054,1054.93
850,849.95
500,500.78
4670,4670.01
4539,4539.035
3828,3825.165
4554,4544.295
5255,5255.045
4273,4267.135
3161,3160.02
4529,4528.645
5343,5294.705
4510,4505.47
1081,1017.66
5185,5816.72
2812,2811.875
1106,1096.45
2445,2453.565
3195,3195.14
4007,4046.745
4933,4932.95
4790,4666.43
4879,4887.495
5067,5150.62
5615,5614.325
779,779.3
1755,1753.995
5022,5020.33
5444,5441.98
6541,6541.01
5950,5950.085
4250,4259.215
2274,2257.62
4295,4294.895
2277,2276.895
921,920.055
2786,2802.565
2877,2876.265
4723,4535.35
223,222.125
843,829.21
4876,4875.53
545,544.985
6641,6640.62
2049,2050.74
3959,3958.9
793,792.71
414,412.175
5130,5125.345
4798,4825.145
5778,5788.185
1593,1618.33
2624,2631.395
5099,5087.005
5773,5765.04
4753,4752.79
6816,6815.69
542,541.975
5219,5198.515
2736,2736.77
4621,4621.045
4939,4938.97
3518,3517.925
4061,4076.21
5945,5976.905
4932,4854.99
4149,4149.915
4592,4595.73
851,847.485
4924,4845.59
2176,2193.42
2844,2850.225
1619,1637.565
363,362.93
4261,4282.035
4928,4907.44
4285,4293.825
2556,2556.98
1294,1292.535
919,918.97
5331,5364.065
5068,5060.3
2490,2492.605
1908,1907.885
929,931.83
6010,5988.86
5729,5728.755
2461,2460.205
1806,1715.48
4291,4290.84
1808,1807.685
966,964.81
314,485.27
4531,4531.11
5070,5056.53
3857,3829.05
2076,2087.78
5568,5536.19
4062,4053.59
6668,6666.115
4521,4487.02
494,494.02
1222,1222.105
6180,6181.12
2777,2778.055
2609,2608.975
728,726.68
6184,6182.405
2337,2336.95
363,364.365
4497,4497.055
428,430.895
4576,4597.31
5976,5973.64
2322,2322.325
4805,4762.345
4513,4514.71
2696,2695.3
5206,5204.645
1329,1328.075
3696,3693.855
630,629.975
712,711.765
1646,1645.715
2609,2608.995
598,597.965
5926,5925.85
3493,3493.13
4658,4654.675
2799,2798.27
1060,1059.305
463,454.22
735,735.06
4748,4450.8
4158,4145.42
4880,4878.445
468,468.06
4120,4117.585
5838,5775.78
2940,2940.045
4438,4458.25
1802,1918.99
4584,4622.62
5816,5816.0
5146,5178.94
5015,5002.315
3972,3976.08
2661,2659.815
4303,4312.62
1578,1578.92
429,422.64
1478,1478.36
1137,1142.195
622,621.875
1617,1617.975
4177,4205.245
3151,3150.735
4221,4233.045
3699,3656.675
1981,1978.145
6292,6290.37
334,334.07
1873,1831.965
4300,4300.035
4473,4451.41
759,758.675
430,431.7
587,587.005
5551,5551.205
581,581.0
4454,4454.18
253,253.025
318,327.125
4349,4420.375
4327,4310.095
5816,5799.59
3098,3098.265
5898,5898.085
1312,1310.425
6513,6512.41
4432,4412.48
5729,5729.135
803,803.655
276,275.96
4490,4349.405
4798,4802.335
1823,1822.075
3824,3828.14
4457,4449.53
6098,6121.58
2254,2254.025
2787,2789.3
5649,5710.22
5309,5415.77
4416,4416.135
4743,4752.185
5764,5740.62
3740,3683.44
5809,5815.735
5552,5552.385
500,496.945
1356,1355.695
5598,5594.77
6587,6587.215
4298,4308.05
6185,6178.66
388,383.485
3015,2979.29
5038,5034.795
678,677.81
5317,5266.945
5414,5385.635
5849,5844.015
297,297.2
1771,1771.08
4150,4150.005
949,947.055
3453,3462.465
4027,4027.055
3190,3182.64
5958,5957.615
3023,3022.69
2858,2857.59
5825,5798.495
282,282.055
6679,6450.475
3162,3161.93
2611,2608.13
348,350.045
5592,5582.355
3649,3640.28
1550,1545.89
805,774.095
4416,4416.15
3091,3090.55
915,915.005
3508,3562.24
491,490.455
5104,5094.7
1311,1310.575
599,598.945
276,276.03
338,340.115
4909,4891.375
329,329.395
5539,5538.19
4740,4740.01
4625,4624.105
4495,4812.57
3356,3357.03
4359,4359.58
6145,6123.955
5073,5066.615
311,310.96
4398,4398.0
822,821.93
2911,3044.415
3922,3923.075
765,764.39
4052,4062.53
5157,5137.265
4043,3986.68
358,354.23
627,626.99
5695,5696.7
3681,3680.6
3425,3424.675
2119,2113.66
684,683.26
3153,3153.07
944,943.1
502,501.875
5738,5737.405
5004,5003.055
5104,5096.31
319,319.61
5598,5597.97
4477,4481.99
2153,2150.915
5845,5815.145
386,386.025
5227,5210.12
5883,5882.715
3547,3546.865
3058,3061.02
1849,1844.405
821,820.78
601,595.735
4150,4147.115
5766,5737.98
1647,1648.05
3649,3642.1
7067,7070.735
5887,5871.575
3126,3125.985
3701,3697.04
610,654.97
2934,2935.57
5804,5807.955
792,770.7
904,905.145
4407,4407.07
4545,4550.675
6034,6039.87
4448,4457.17
602,575.835
4390,4405.11
6305,6302.72
4506,4502.145
4506,4509.835
1569,1566.55
4512,4512.175
1872,1871.48
4045,4045.08
5395,5391.95
5476,5473.885
1075,1073.505
4398,4398.025
329,328.995
2903,2902.775
2073,2070.445
2319,2320.7
6364,6363.625
603,596.93
388,387.96
1113,1111.765
4527,4526.945
367,367.1
5797,5794.47
1651,1649.145
1068,1070.18
4062,4073.845
3058,3057.96
901,901.0
260,260.0
1732,1739.23
6776,6774.315
4959,4957.76
6104,6113.24
256,256.02
4859,4859.11
4588,4594.33
5436,5433.075
353,353.04
3803,3796.5
373,371.755
5096,5086.3
1289,1291.5
639,639.005
5282,5267.03
3616,3570.79
1488,1489.435
4188,4222.32
398,409.435
489,489.35
583,581.435
6660,6659.825
370,368.165
2917,2915.7
6543,6536.92
3467,3466.95
3061,3062.89
4780,4787.43
1682,1682.89
613,613.375
2805,2804.63
5126,5121.02
365,368.01
869,868.98
3746,3743.15
4694,4695.98
6271,6271.26
3652,3692.6
5100,5132.15
4619,4644.185
256,256.0
977,977.43
821,820.87
993,993.29
5192,5572.4
1330,1329.675
3490,3457.505
4506,4506.05
1310,1308.85
5407,5391.14
851,851.0
5829,5813.85
2693,2692.81
5971,5978.02
3804,3804.395
3477,3477.0
2154,2152.68
4541,4541.8
5095,5094.145
984,981.31
728,710.61
5652,5652.36
343,342.93
4472,4469.815
5926,5917.59
5052,5051.945
3161,3160.68
4170,4201.58
326,325.865
3724,3724.02
6382,6369.54
2047,2047.475
5346,5443.325
4314,4305.145
1799,1798.395
4450,4452.555
3299,3292.8
966,965.125
4725,4772.95
2318,2316.15
5104,5103.895
586,551.935
2458,2461.5
6158,6160.085
1646,1648.255
4198,4193.3
2587,2586.835
3026,3026.635
1352,1348.765
6051,6051.625
3569,3585.33
1768,1766.725
944,944.37
232,232.355
2838,2837.72
245,245.015
2049,2047.495
3593,3592.71
441,440.75
4204,4217.085
4755,4753.77
3379,3363.57
2186,2186.035
494,493.91
5622,5610.415
3144,3144.035
5610,5606.755
1978,1963.325
460,458.055
5623,5599.615
5341,5328.025
1761,1760.395
1970,1969.41
4409,4401.755
3734,3721.115
5963,5963.14
474,474.445
5671,5630.05
1442,1441.3
5538,5582.965
2111,2102.055
644,644.075
5314,5297.35
2047,2043.615
799,781.56
4623,4623.14
380,373.695
3617,3614.91
368,367.985
5332,5319.56
5405,5390.58
384,381.465
321,322.615
6792,6791.12
5420,5394.67
4938,5078.28
4767,4773.715
5874,5820.6
444,445.88
4853,4852.82
542,541.965
3515,3514.73
4460,4464.04
1606,1605.68
385,387.38
5339,5298.425
4915,4487.72
635,634.205
619,617.03
846,845.34
4276,4295.89
326,321.69
4456,4462.84
1065,1064.45
1016,1015.33
5395,5393.6
316,318.735
4711,4710.245
1415,1414.965
6341,6338.46
2812,2813.52
6614,6613.62
2431,2429.685
4543,4554.475
2903,2904.695
2440,2440.605
6209,6202.95
5667,5666.83
4540,4535.21
359,356.115
2150,2149.505
385,389.92
4931,4930.895
1394,1394.785
4584,4582.25
4173,4146.65
757,756.685
5577,5521.64
753,752.045
4549,4585.31
4556,4556.255
4665,4664.955
4588,4600.735
4432,4403.51
2084,2082.93
606,605.82
4298,4297.725
904,902.965
4553,4553.015
1846,1844.52
1227,1226.835
853,846.3
2524,2519.055
321,321.105
5480,5479.715
278,278.03
3629,3628.765
3068,3068.015
5013,5062.29
368,368.135
2934,2934.415
3153,3153.69
2247,2253.505
678,677.785
5028,5010.945
933,932.155
5351,5337.315
3015,3016.88
2350,2348.355
2370,2344.885
6695,6694.135
6082,6082.055
5875,5871.74
4250,4243.7
5132,5164.27
2418,2423.805
2498,2506.95
6006,5997.285
4133,4135.91
949,949.365
2762,2761.775
4260,4260.19
4714,4763.17
830,828.09
4688,4688.025
2846,2844.845
1385,1384.695
3722,3759.69
278,277.995
5142,5143.125
1356,1361.17
6622,6621.405
5270,5339.84
4815,4814.605
315,318.26
3590,3598.085
4619,4613.455
4600,4586.445
6527,6527.185
2687,2687.165
2941,2940.56
4717,4718.97
4734,4706.69
5011,5011.995
6497,6497.08
4623,4621.665
5135,5156.155
4874,4871.68
1822,1820.385
654,653.83
3459,3459.025
4175,4155.595
6157,6102.735
389,389.53
4146,4146.865
3188,3189.615
2706,2712.17
520,585.255
283,282.915
1511,1463.69
3004,3003.55
537,537.015
3200,3200.06
1822,1819.65
5038,5094.615
1055,1059.045
6567,6567.09
4899,4806.46
6172,6170.79
4958,4957.275
1612,1611.31
6282,6221.24
2770,2769.405
4876,4875.52
4063,4070.92
4395,4408.76
2711,2710.09
4679,4679.755
361,361.295
4735,4733.595
4514,4460.635
5236,5233.97
3139,3140.55
2711,2621.905
5177,5194.3
361,359.53
4288,4347.54
4503,4510.43
6223,6228.445
4858,4854.285
4429,4449.17
2137,2136.66
438,437.55
868,867.97
4475,4474.94
467,466.93
3903,3904.365
5133,5128.96
432,432.025
326,325.95
3921,3985.92
3675,3674.335
5606,5582.96
4978,4977.715
6042,6041.48
4425,4397.005
2029,2064.115
293,298.245
5283,5238.88
4469,4468.835
4297,4293.945
4136,4135.605
814,813.88
752,751.78
390,388.065
2781,2780.445
3092,3083.145
1311,1310.87
2409,2407.555
6402,6400.73
4597,4649.1
5979,5960.685
4677,4677.06
4284,4284.235
205,206.395
6326,6290.77
2649,2657.32
921,916.95
1920,1918.475
2282,2282.09
371,369.105
1180,1179.785
5849,5828.625
4274,4275.385
3830,3852.525
4410,4389.145
5276,5272.525
2125,2124.995
5501,5496.975
1401,1405.045
5100,5091.86
327,328.105
2539,2537.695
6466,6422.14
5559,5513.425
3313,3313.21
1259,1259.535
6440,6439.85
2765,2765.985
2765,2766.045
6278,6265.055
323,327.61
1197,1833.345
5575,5511.8
4091,4090.17
5840,5794.05
2536,2498.165
4866,4859.655
3188,3187.72
1550,1545.9
1311,1310.68
5339,5356.145
5515,5496.095
4913,4912.95
3863,3876.92
494,494.02
4607,4607.01
5531,5524.115
2649,2650.2
4826,4806.62
5477,5464.64
4328,4337.61
5231,5216.325
4057,4012.315
5474,5460.02
3189,3130.48
4232,4231.575
175,191.55
4120,4131.125
852,851.98
5702,5684.38
683,682.8
310,309.99
3008,3001.91
4727,4731.59
4857,4735.805
3974,4033.05
5096,5088.845
4243,4238.49
4212,4201.725
3988,3988.375
5818,5815.91
842,840.895
4424,4439.69
360,360.315
5457,5554.73
3117,3123.28
3294,3273.84
5356,5395.665
244,243.94
212,212.025
705,704.045
5887,5898.395
2399,2398.56
3036,3037.315
4682,4675.32
1623,1622.485
1281,1280.09
2711,2710.925
2335,2334.96
5356,5355.58
2873,2882.79
4888,4887.33
2789,2788.845
562,561.895
344,344.43
4554,4553.9
2699,2700.48
5713,5712.455
664,663.965
2777,2777.1
1440,1438.03
4129,4259.235
6255,6254.99
6838,6835.965
4870,4869.695
4288,4262.625
4383,4399.47
757,756.645
704,702.83
671,694.985
1242,1686.17
392,391.585
4063,4076.5
381,379.99
2835,2841.745
785,783.71
4907,4906.45
291,290.62
5026,5017.625
2661,2660.43
6180,6180.32
3503,3503.055
969,968.885
5225,5327.905
357,356.92
591,590.735
303,311.935
5152,5211.775
5935,5944.665
5446,5445.22
2946,2951.89
3076,3092.455
3881,3874.9
2298,2297.035
2718,2718.675
6269,6268.595
2407,2407.38
1498,1498.27
391,394.975
882,881.22
4030,4002.755
4120,4135.31
2854,2854.06
5886,5884.57
363,368.865
351,350.955
6395,6395.085
337,337.22
4589,4588.89
4167,4166.77
2651,2650.97
5906,5893.575
2755,2755.48
352,341.32
4940,4940.01
1607,1606.435
929,928.9
2527,2524.165
3794,3792.59
4934,4941.74
4951,4951.005
5315,5313.875
5088,5091.555
373,374.765
3713,3713.945
5386,5380.08
3193,3192.825
6393,6392.35
451,450.755
1818,1810.505
2416,2414.99
959,955.765
1112,1111.595
2740,2740.525
4156,4155.905
1957,1954.625
3225,3238.175
315,315.22
2906,2905.62
2148,2204.855
4500,4500.28
5121,5100.865
899,898.76
4463,4467.95
4642,4650.92
865,865.18
1941,1949.08
5340,5336.925
3400,3400.105
362,361.855
4607,4606.94
1931,1929.365
486,486.05
4894,4841.36
4197,4226.635
1943,1942.755
1369,1369.56
2427,2431.21
3846,4087.7
4776,4775.865
3750,3737.04
4132,4131.6
6834,6831.725
6594,6593.915
6683,6675.05
4119,4115.115
4562,4561.74
2732,2731.85
2823,2823.89
3901,3882.645
5321,5480.32
4941,4941.595
5842,5833.775
958,958.13
1065,1064.315
359,367.15
5640,5569.81
264,275.55
604,604.025
5461,5461.015
3584,3583.475
3974,3975.415
3538,3538.675
4575,4603.8
5527,5526.72
337,338.835
281,281.01
3997,3997.585
695,694.8
1531,1517.13
5779,5770.535
5511,5473.895
810,809.965
3078,3077.715
462,462.37
2883,2885.015
1256,1256.065
3243,3242.945
321,320.94
5072,5065.85
4756,4757.505
539,539.005
6677,6676.46
4858,4857.835
3003,2894.01
2925,2924.695
670,670.105
6271,6261.7
2527,2523.11
628,628.165
3795,3760.495
5218,5230.875
380,384.355
248,248.0
2972,2971.635
4675,4673.755
5840,5833.13
5254,5228.165
5802,5765.145
6002,6001.88
3717,3719.45
976,958.645
1094,1090.075
1205,1205.62
5690,5664.645
753,752.535
393,393.04
1022,1020.52
5772,5779.9
6182,6193.815
354,353.955
2169,2171.105
5842,5845.57
6807,6806.555
4084,4062.575
2933,2935.845
680,678.67
5131,5130.61
237,237.085
4839,4839.405
4603,4603.145
3914,3913.66
3834,3764.61
5324,5280.21
849,848.735
5270,5268.31
530,530.27
247,246.99
426,425.995
3077,3076.805
377,377.515
448,447.79
1196,1195.965
4159,4151.79
784,767.18
3414,3412.745
2885,2885.24
933,932.96
6088,6115.07
4306,4309.35
4676,4675.955
2906,2905.955
5063,5053.54
5123,5111.85
3422,3421.135
2107,2140.8
4823,4824.71
2996,2995.61
3634,3726.055
372,372.49
4249,4246.975
3342,3341.89
5414,5412.92
247,246.95
4769,4778.565
4663,4644.75
6057,6056.87
4526,4528.65
6186,6188.69
336,378.35
4753,4758.29
660,659.89
2907,2902.28
741,740.995
660,659.855
548,549.25
4772,4770.835
4741,4721.745
1169,1168.565
588,587.785
542,541.975
2639,2641.845
4732,4766.005
6706,6705.545
293,293.045
6617,6591.895
5561,5558.45
2737,2736.75
2720,2720.57
2981,2980.93
411,411.005
2255,2254.98
4934,4992.39
4716,4716.12
407,407.03
6282,6292.365
5884,5882.705
877,876.945
2420,2423.925
5073,5072.425
5642,5623.525
357,357.17
5751,5729.49
807,807.02
309,309.025
3825,3824.915
3563,3561.49
2494,2494.27
5983,5935.335
4674,4662.16
4731,4707.29
4993,4992.995
1424,1423.25
6685,6684.215
297,296.86
373,374.77
4023,4032.615
4812,4778.11
4723,4714.485
4418,4388.805
5016,5011.895
5330,5324.875
2781,2780.61
3553,3552.58
2940,2884.12
3649,3648.35
3994,4020.2
5423,5306.615
5649,5648.755
5642,5622.195
4958,4999.01
4777,4771.52
1474,1473.79
402,402.975
3923,3922.535
402,401.98
719,718.98
384,385.24
2906,2906.07
882,882.06
2688,2689.625
2929,2928.655
2794,2799.395
5373,5387.505
1945,1926.03
4701,4697.88
5960,5959.83
5143,5154.44
3240,3239.87
657,657.77
2863,2860.445
6344,6347.335
5379,5389.415
4184,4184.1
1351,1351.01
290,289.1
3013,3042.735
5071,5070.16
4335,4340.25
5331,5267.13
791,791.13
3378,3377.76
6143,6143.14
5266,5372.275
6312,6295.33
2598,2607.145
5400,5396.83
6277,6273.785
531,531.255
1802,1801.525
5189,5303.4
3206,3208.795
3504,3502.445
625,624.215
5161,5150.915
337,336.95
651,651.055
1924,1932.615
2199,2199.07
5165,5164.26
5404,5411.49
5059,5058.345
3964,3968.97
2799,2798.34
1738,1715.67
5242,5226.03
3377,3347.32
4124,4141.08
3726,3724.465
2172,2169.805
6771,6770.345
6276,6241.375
284,284.035
1981,2196.975
266,265.99
2769,2768.81
1264,1263.87
3439,3479.48
5075,5157.09
6564,6563.45
4773,4773.02
4135,4150.21
326,325.55
3345,3344.74
4300,4301.96
589,593.645
4658,4690.785
6174,6085.35
4700,4699.885
1397,1396.9
842,841.85
4049,4044.71
862,861.69
5159,5160.39
729,728.505
6146,6134.69
3638,3635.56
5476,5466.405
731,730.84
5454,5363.87
2431,2433.34
3505,3504.74
342,341.585
5645,5619.495
5217,5237.39
4334,4343.075
4748,4749.77
1137,1136.85
3282,3282.06
2727,2723.17
4922,4921.785
403,402.685
635,648.62
751,750.85
3009,3010.11
3571,3572.31
4738,4701.875
642,641.94
626,625.655
476,476.09
368,369.14
311,311.015
294,293.795
5023,5016.7
5918,5636.375
3806,3799.745
4355,4354.785
6599,6598.225
3202,3201.955
6350,6349.775
3692,3684.73
5423,5419.28
1230,1229.69
4543,4542.94
3815,3814.43
4743,4744.935
4746,4740.835
5750,5686.43
282,282.015
4521,4507.19
910,909.98
2322,2321.07
4457,4486.26
4365,4364.665
555,555.08
5267,5474.765
4949,4968.025
6172,6165.0
5016,5013.125
3075,3075.515
1565,1564.565
1596,1597.505
5003,5002.945
2746,2748.59
4629,4637.895
3002,3001.755
287,287.0
2796,2798.86
2075,2072.425
5146,5158.495
4753,4764.84
1188,1187.8
331,330.065
6323,6315.03
4975,4974.165
4879,4823.925
5488,5537.455
4756,4753.995
4992,4990.865
3231,3231.015
709,709.285
2240,2241.545
1460,1926.91
4261,4262.75
6262,6283.675
788,782.595
7130,7128.235
4883,4902.03
5737,5725.995
4602,4600.99
6025,6020.875
4522,4522.905
5134,5141.65
1994,1993.425
5055,5053.075
3557,3540.0
5007,5044.74
1117,1118.91
3194,3191.87
4858,4858.015
5950,5950.22
5917,5916.115
5312,5306.235
2961,2961.075
4820,4820.34
3792,3792.58
6781,6782.965
2872,2877.465
5104,5101.595
2445,2443.425
2584,2583.48
484,505.275
2139,2100.18
3643,3623.55
2447,2447.255
483,484.09
1075,1074.925
473,472.37
2450,2440.8
4223,4218.13
5016,5013.4
6117,6115.865
6496,6494.79
2556,2556.28
4039,3975.105
4207,4204.955
4125,4139.715
5970,5969.74
5640,5607.37
4782,4781.45
4459,4470.015
6587,6587.085
1481,1496.35
5110,5183.43
3610,3611.705
299,295.18
6292,6303.175
1483,1482.655
4521,4521.095
258,257.99
2726,2718.295
4818,4818.765
1128,1127.62
5707,5686.635
3058,3058.15
1824,1819.21
1815,1856.235
386,385.875
4634,4634.12
1483,1482.26
357,357.0
6231,6189.135
842,841.92
321,320.43
1537,1537.325
5272,5282.135
2924,2924.135
826,825.74
3214,3219.73
1566,1578.98
5094,5094.025
761,744.2
5109,5108.71
4083,4063.73
5274,5269.55
2165,2175.91
4824,4823.225
318,319.39
1,65.115
5873,5800.75
6032,6029.515
380,380.01
1501,1501.225
5567,5566.775
5698,5684.49
3358,3285.205
305,304.545
2819,2818.9
6386,6385.97
4938,4938.215
3267,3245.05
1785,1784.715
6518,6518.58
5154,5166.43
4762,4769.99
1539,1537.245
4424,4440.57
5536,5513.02
333,332.755
3476,3476.185
329,328.975
1948,1953.48
2934,2933.74
707,707.88
5856,5868.86
1324,1392.86
375,374.985
5046,5059.79
5025,5025.195
4253,4049.17
4869,4869.15
3308,3307.84
7107,7113.82
530,530.0
2593,2592.97
5449,5367.435
5101,5096.805
4529,4528.565
3502,3501.17
2844,2843.915
372,371.975
4555,4556.455
3801,3797.255
261,261.015
2,4.525
5097,5057.415
5597,5592.23
2625,2627.435
1009,1009.23
1703,1703.1
833,833.02
4831,4831.03
392,392.025
355,352.79
4254,4212.8
4343,4363.325
4896,4895.28
1517,1517.425
2024,2024.305
3848,3847.68
3289,3288.92
2165,2163.34
5766,5760.045
5960,5956.97
2040,2039.62
3210,2813.6
4187,4164.015
4654,4654.125
4642,4642.075
4647,4641.65
425,450.93
4603,4602.96
4154,4153.995
5460,5447.87
2183,2192.16
6184,6216.49
5505,5450.63
6629,6618.095
5792,5701.655
5584,5582.78
2772,2771.735
631,631.05
4583,4587.035
2681,2681.16
4395,4395.81
1908,1905.23
268,268.0
3189,3189.04
5770,5765.38
2734,2733.575
4402,4404.955
605,598.275
2687,2687.075
2090,2090.91
4904,4877.835
6584,6582.04
1413,1411.39
5119,5111.655
3146,3146.01
4566,4555.28
5862,5861.635
1947,1946.26
2927,2927.09
624,624.065
4859,4727.905
354,354.39
3285,3284.86
463,455.325
5095,5408.61
389,388.995
4118,4134.135
357,356.99
2471,2472.345
4217,4236.975
5576,5531.0
5947,5937.035
5551,5548.045
5410,5396.52
6279,6276.32
3008,3008.0
6490,6412.155
1198,1213.415
3766,3761.01
3561,3559.86
1935,2004.775
5665,5641.575
306,305.96
5148,5156.125
6182,6181.725
3798,3840.84
4032,4001.39
1447,1446.79
6165,6178.95
3193,3181.145
1997,1942.625
5995,5987.11
6953,6952.415
2770,2769.2
3792,3801.745
392,388.685
2533,2532.905
5340,5364.665
5762,5754.16
4836,4845.77
5111,5116.59
2935,2965.48
6386,6375.395
6720,6719.47
2222,2220.01
5752,5737.23
4848,4839.645
5288,5270.93
373,373.0
3124,3124.085
4890,4843.37
5694,5636.435
1110,1109.46
740,740.725
5031,5080.99
5889,5885.8
5596,5593.305
4525,4478.96
4365,4365.215
1720,1720.49
1016,1015.44
730,730.175
952,951.69
2664,2663.585
1864,1862.295
4394,4464.0
6221,6194.895
3468,3462.84
4906,4893.245
4965,4964.115
261,261.0
2535,2533.615
2687,2685.61
3429,3427.23
6180,6179.66
5968,6007.285
4506,4579.525
325,325.0
588,565.115
2347,2343.82
2815,2815.015
6721,6720.265
5750,5698.37
2561,2560.625
2704,2704.065
303,303.45
926,925.935
1205,1204.295
4917,4916.5
5388,5368.855
364,363.62
4393,4392.605
5346,5317.75
4930,4907.465
4140,4141.32
5923,5913.8
3101,3100.66
5073,5258.645
2178,2176.865
4492,4492.295
4826,4803.39
5207,5202.03
4910,4886.65
2172,2170.13
407,407.06
431,433.665
5322,5319.5
6369,6287.92
5522,5520.54
304,304.035
3114,3114.065
4530,4531.335
6627,6483.425
3434,3434.075
5729,5716.005
2405,2405.33
308,308.45
4408,4391.72
1910,1910.425
5049,5048.815
344,342.34
5403,5353.24
482,491.21
257,257.0
1871,1870.845
327,327.005
278,278.02
1049,1049.55
364,367.715
3683,3671.145
1606,1605.88
5289,5310.535
2982,3014.215
2966,2965.785
2803,2826.59
4297,4311.885
2169,2186.785
834,834.0
1738,1736.185
4236,4235.12
2846,2845.73
5926,5925.835
2955,2988.875
4167,4166.805
4593,4592.715
529,528.99
1236,1235.755
1498,1498.145
5329,5354.88
4242,4252.18
6098,6009.36
3056,3054.765
1016,1015.825
1813,1817.135
6147,6128.195
4836,4836.19
4604,4604.185
2957,2958.1
2841,2840.79
530,529.98
516,515.97
3510,3509.885
4792,4797.64
6110,6110.07
3872,3906.34
3627,3626.01
2248,2247.94
4755,4776.95
325,326.435
467,466.265
6551,6550.665
3494,3493.99
1840,1841.69
4045,4051.34
2134,2136.4
6368,6367.44
2303,2301.05
4694,4685.48
845,844.595
395,395.025
3261,3263.13
735,724.265
4728,4720.635
2892,2893.02
6374,6364.62
4192,4193.095
271,270.98
1211,1213.815
505,508.85
388,389.76
1461,1460.985
5466,5440.18
4155,4152.805
5356,5355.98
745,745.02
3479,3479.35
3569,3568.515
5214,5200.315
6945,6944.685
249,248.985
1016,1016.875
4380,4331.72
4329,4325.465
3454,3452.68
306,306.01
6298,6300.96
6005,6005.84
2620,2616.485
4743,4745.205
1451,1450.7
6165,6164.935
1448,1447.525
237,237.03
4634,4631.385
1907,1901.28
1831,1831.255
5453,5451.085
4974,4973.76
4063,4047.43
270,269.99
3710,3730.34
323,322.905
4403,4405.395
3869,3857.61
3400,3682.955
2721,2726.95
1676,1674.56
2083,2082.805
1473,1472.92
5350,5378.27
420,419.98
2412,2413.975
5280,5274.87
642,642.025
4311,4385.3
4433,4406.0
855,855.03
1204,1203.975
4767,4767.1
322,321.67
6025,6025.33
278,278.03
5210,5206.175
2788,2788.045
408,407.84
3036,3036.435
404,404.06
3508,3530.07
4226,4225.885
1606,1606.22
5043,5033.545
6259,6275.9
1974,1971.635
747,734.69
4270,4280.14
4746,4746.32
933,932.99
6612,6612.61
4750,4750.005
5196,5371.69
748,746.39
4544,4527.575
1287,1293.945
566,538.085
657,656.98
1574,1564.37
1471,1470.685
3374,3356.27
369,303.83
243,243.045
4637,4640.83
6372,6374.455
3015,3012.345
315,314.95
2744,2743.85
5027,5032.26
2734,2732.465
2966,2965.905
5515,5510.735
4092,4096.625
5000,5004.17
6315,6336.715
5363,5306.095
3571,3564.875
5825,5823.26
365,370.185
3064,3078.525
835,835.225
5906,5906.245
1105,1105.77
2498,2496.69
5611,5609.65
1083,1081.69
3901,3920.225
5046,5046.18
3903,3942.005
3228,3227.905
5434,5431.82
4024,4028.125
5147,5142.38
5487,5487.305
6028,6007.59
5955,5950.79
213,212.71
5304,5308.405
4931,4899.935
5542,5539.92
4334,4366.495
2997,2996.96
5614,5612.94
1932,1978.265
1306,1313.195
2134,2136.32
2668,2652.805
4014,4064.105
3134,3057.53
4174,4167.395
425,432.34
5088,5091.77
5384,5380.37
4941,4940.925
802,802.09
646,645.845
2657,2657.59
337,338.67
2950,2950.005
4983,5060.485
920,919.245
3630,3614.525
5923,5918.895
4902,4901.39
4497,4488.855
1017,1016.23
4617,4616.785
1138,1138.045
3347,3346.885
1346,1346.3
3139,3139.035
4039,4025.595
4680,4673.365
3699,3662.26
1391,1389.555
4789,4791.865
1673,1667.755
5803,5799.525
6477,6471.005
5900,5931.02
391,390.975
4144,4143.72
756,755.69
5595,5580.67
2101,2101.03
397,396.94
6119,6119.145
6123,6119.91
5420,5399.845
5019,5007.23
2874,2874.005
520,528.725
2685,2685.195
3994,3980.665
4843,4830.18
5661,5658.31
5964,5956.445
3386,3723.85
6238,6237.715
171,196.47
3568,3567.475
341,339.62
2844,2841.6
3584,3531.2
4610,4616.845
4530,4514.43
5234,5257.31
3455,3455.865
5117,5105.56
2925,2924.745
4788,4796.295
3937,3935.835
3940,3888.305
3496,3495.915
820,820.065
5418,5414.545
5194,5193.565
3505,3505.025
6108,6096.67
2890,2889.11
2660,2660.44
3456,3456.09
328,327.955
3846,3874.295
3948,3946.905
4423,4430.295
5178,5174.69
4452,4451.625
4808,4802.51
3464,3459.485
3302,3301.96
4939,4973.41
4143,4142.92
2625,2624.75
390,390.155
5335,5327.105
2588,2587.705
423,423.055
5014,5006.215
6421,6420.895
5005,5003.375
6307,6306.835
2505,2504.975
1995,1993.165
590,583.27
1632,1632.705
4047,4118.86
3733,3734.795
1734,1734.54
3897,3890.475
432,433.325
5220,5217.835
4874,4875.605
2667,2666.18
2319,2317.805
260,260.0
6584,6582.98
3157,3157.11
4949,4947.8
720,720.045
5974,5970.075
654,653.7
2950,2951.75
708,707.925
4659,4667.295
1271,1270.515
625,625.11
5848,5865.125
6646,6645.82
4813,4803.58
5714,5713.57
4488,4493.53
2891,2889.495
4332,4393.845
3960,3959.915
2557,2550.405
6444,6443.69
6003,6018.07
4384,4380.97
5104,5103.32
4200,4199.93
863,863.015
550,546.015
5340,5326.49
4497,4544.305
5556,5528.425
1570,1570.405
6025,6022.67
4376,4081.905
3826,3832.795
660,659.915
398,398.04
4434,4438.705
3515,3514.89
410,409.995
260,259.89
888,887.95
311,310.96
321,322.195
2643,2642.875
2721,2720.88
3283,3240.37
4417,4417.635
1673,1667.105
4084,4082.03
6270,6271.085
5138,5303.18
4549,4547.22
2616,2619.025
950,948.77
1062,1063.435
3550,3550.485
5232,5271.675
6589,6572.17
2859,2858.945
3401,3400.895
1606,1606.075
5821,5826.35
4625,4623.595
1386,1386.165
499,498.995
1647,1647.35
556,555.84
5580,5552.815
4498,4497.91
2730,2730.125
3281,3265.115
3065,3072.69
6160,6154.115
6526,6522.43
3309,3309.05
555,554.96
4076,4067.515
4460,4459.98
4151,4067.31
3358,3356.105
1789,1789.205
4853,4852.77
484,483.95
1454,1453.595
3018,3010.72
1734,1734.785
5884,5884.14
5157,5152.865
5008,5006.025
322,325.67
1674,1673.65
1167,1165.69
981,978.635
3671,3671.19
4187,4182.8
2856,2855.9
842,836.25
5548,5547.7
3199,3184.055
5033,5126.875
4876,4877.81
5384,5385.455
5095,5094.725
2795,2795.135
6860,6850.275
5155,5125.575
1556,1554.56
352,353.985
4550,4569.34
325,326.4
2939,2938.975
349,341.2
2678,2677.675
4298,4298.455
4002,4042.0
6609,6607.735
2953,2952.975
5209,5284.975
2094,2096.35
4241,4234.915
4669,4676.51
233,232.95
2798,2797.755
6404,6403.79
555,554.905
1445,1453.59
5242,5243.535
5442,5389.03
2748,2746.76
2759,2758.985
598,597.94
245,244.985
3929,3923.685
5144,5133.24
4281,4264.685
4866,4863.82
2603,2603.445
2624,2623.405
3798,3861.765
5496,5495.63
1831,1822.645
4930,4912.515
5751,5750.945
356,356.355
2293,2292.05
1748,1747.04
5761,5561.97
504,501.29
1011,1010.805
6477,6477.23
5136,5134.98
3709,4192.295
407,410.23
6029,6031.755
5906,5902.89
4151,4150.835
390,390.02
2619,2616.73
894,894.03
2583,2582.52
5609,5640.735
5933,5932.76
6029,6019.9
2606,2648.47
5332,5305.225
3078,3078.325
375,374.78
333,333.03
5318,5314.07
921,921.085
2939,2938.985
3684,3683.605
1710,1709.72
447,442.77
5944,5926.625
688,688.095
1969,1756.57
1893,1903.165
4723,4722.93
4682,4675.435
879,878.95
5135,5107.775
5114,5112.025
4515,4539.645
4072,4068.95
4841,4844.22
5805,5804.15
4928,4920.845
5880,5879.535
2930,2924.85
2878,2876.615
3695,3608.55
4765,4771.17
4589,4560.585
339,332.015
3553,3542.57
5554,5552.115
3135,3135.01
5327,5313.605
2888,2890.34
5558,5541.295
1587,1587.235
389,388.87
3762,3751.465
1596,1597.67
4547,4554.02
451,460.8
800,800.0
5187,5283.155
2404,2417.35
3177,3177.195
5868,5731.795
346,346.015
5084,5114.945
2042,2034.315
4545,4544.93
1266,1264.835
2482,2480.105
4871,4877.37
1478,1459.27
3426,3425.765
1007,1006.585
2917,2916.775
341,341.04
4859,4859.02
1739,1738.985
2725,2725.81
3611,3831.09
658,656.41
376,375.995
1450,1450.065
3,3.54
1807,1817.79
5948,5947.485
629,629.105
4621,4605.08
2625,2624.63
5611,5607.375
3897,3890.935
1412,1412.915
4761,4733.71
895,890.08
332,332.415
6217,6205.93
5164,5147.9
419,423.285
4601,4689.98
309,309.01
823,821.865
4663,4662.84
4922,4922.345
6864,6864.22
4690,4686.3
2573,2573.49
1897,1896.595
4187,4186.985
390,387.11
368,368.135
4875,4873.215
1446,1446.58
5925,5921.875
3919,3881.67
3521,3521.81
6538,6515.695
5327,5306.215
5243,5217.28
4438,4424.48
354,353.855
5834,5824.995
288,287.995
768,768.065
3864,3863.92
4759,4759.08
1328,1327.035
4978,5426.245
4212,4325.28
2472,2464.745
5484,5480.455
3941,3941.865
1617,1617.98
3706,3705.245
2980,2979.68
5328,5323.715
3312,3243.33
2468,2406.17
627,625.635
4678,4720.85
5529,5550.885
5668,5667.96
1110,1109.585
5145,5144.82
4403,4400.205
4623,4627.16
2403,2403.12
2928,2928.035
4374,4378.28
5193,5187.925
4319,4321.41
2874,2918.445
5161,5179.335
2506,2506.215
3112,3118.635
4905,4904.24
2641,2643.725
6067,5994.645
1313,1313.17
4595,4595.355
370,643.705
515,514.67
797,793.545
5676,5606.63
6642,6641.585
5063,5312.825
5772,5769.055
4015,4016.125
3892,3890.565
1117,1115.625
727,726.935
3424,3424.33
592,591.585
849,848.955
772,772.095
3438,3428.7
2652,2651.19
4442,4442.64
5761,5754.215
227,227.5
3572,3575.53
311,310.75
2855,2855.13
5123,5120.795
3050,3068.345
2422,2421.86
2504,2503.825
1094,1093.965
910,914.275
6410,6409.225
316,312.635
2928,2927.565
6215,6211.9
4358,4343.4
666,666.015
502,501.9
3177,3178.155
820,818.395
5011,4994.645
2300,2306.905
4823,4825.11
1769,1769.405
2423,2422.55
4501,4493.095
4918,4808.22
741,740.865
374,373.045
4441,4399.085
4991,5104.34
4513,4513.065
292,292.005
827,825.64
2260,2255.57
616,616.195
720,720.05
3541,3847.335
3320,3319.725
213,269.385
2634,2650.875
4776,4776.6
4904,4904.255
4609,4609.48
5405,5403.065
4779,4779.165
5030,5028.17
1010,1009.705
469,468.79
275,275.025
4339,4314.905
6598,6596.695
3584,3582.18
3587,3586.79
2045,2048.055
3765,3765.035
6464,6463.475
5572,5530.825
348,348.41
4201,4201.525
5032,5266.34
1474,1476.095
337,335.315
750,750.195
5146,5130.88
373,370.325
5084,5077.85
4308,4308.16
917,917.1
1357,1356.52
1153,1152.865
326,325.935
4688,4687.505
5407,5384.2
336,326.73
762,762.0
5014,5003.755
1902,1901.875
793,792.655
1595,1596.645
1523,1522.42
2435,2437.085
2830,2822.005
4324,4325.39
2158,2156.12
2557,2557.105
380,380.12
353,353.015
3679,3665.115
6165,6160.68
6316,6316.09
240,239.825
578,559.915
3403,3794.425
5339,5314.44
268,268.0
1511,1465.81
4843,4843.015
5646,5645.08
4820,4829.69
1062,1061.79
2959,2966.06
889,889.005
5264,5252.455
730,729.85
323,322.975
2208,2231.235
6303,6302.005
5693,5765.28
314,314.625
6591,6594.42
1842,1841.27
845,841.1
6218,6188.365
391,391.07
339,338.93
4957,5489.26
5665,5656.48
369,370.145
747,746.73
1049,1049.37
1075,1073.605
1164,1162.57
337,336.495
5367,5343.51
4672,4682.095
2533,2534.34
5219,5210.975
5993,5984.705
4772,4769.11
2971,2970.525
5272,5279.59
258,257.61
2464,2463.975
2677,2681.635
231,231.09
2545,2544.77
6720,6719.69
5767,5766.955
5181,5186.245
6856,6855.96
414,414.035
3496,3496.135
5646,5617.255
4508,4509.32
4919,4920.135
787,785.67
4705,4709.815
2178,2167.365
4755,4755.17
3845,3845.07
284,283.91
4902,4901.23
6368,6375.88
3814,3820.275
1632,1683.065
3521,3520.885
468,467.235
5871,5870.965
4732,4709.65
5220,5247.72
5467,5440.885
957,958.69
1469,1469.065
5392,5403.665
5998,5997.61
4980,5298.575
436,436.005
962,963.375
325,325.995
2201,2200.075
4776,4763.29
749,748.86
4022,4049.765
6823,6648.705
794,794.01
5983,5982.67
3013,3011.77
5188,5184.32
907,906.745
3464,3457.58
2404,2424.445
4226,4223.24
6597,6600.855
6391,6390.84
823,821.87
4465,4453.29
4490,4490.36
5071,5067.52
271,271.805
4261,4334.545
4424,4429.11
1199,1197.475
5960,5959.635
2659,2636.52
2043,2044.025
2876,2874.04
437,437.41
5116,5114.835
1574,1573.82
4499,4445.805
5001,5001.04
3657,3656.33
682,681.825
3671,3670.81
355,355.005
3219,3219.01
316,316.04
259,259.0
1476,1477.28
3619,3618.81
4849,4810.36
4316,4316.815
324,324.02
4888,4888.02
4334,4342.4
4575,4562.22
822,805.18
686,686.05
151,172.105
6514,6513.255
349,348.55
945,944.595
2699,2698.415
3024,3014.045
4671,4664.51
5268,5264.79
2935,2980.285
6521,6519.49
2415,2418.34
2827,2838.555
5804,5800.73
4564,4565.185
300,300.04
2434,2434.195
1036,1035.565
809,808.975
6090,6035.18
3551,3551.105
5958,5957.535
2888,2888.33
3145,3061.85
688,687.59
704,694.71
405,410.895
1627,1627.32
2685,2685.38
5089,5087.93
6601,6601.025
1661,1660.13
1043,1042.965
4778,4773.205
5803,5786.385
246,245.89
4223,4238.55
6175,6175.29
2862,2861.97
324,311.51
2872,2875.04
443,443.0
2759,2766.68
825,824.885
4525,4515.71
384,384.62
5943,5942.92
3914,3874.97
332,331.965
420,414.49
4992,4991.27
3470,3470.215
1023,1017.605
4856,4846.565
4601,4612.425
2536,2535.255
5537,5531.105
2317,2317.66
680,679.89
1425,1423.38
4263,4263.39
3048,3048.075
4356,4356.185
3008,3010.07
2334,2336.5
4383,4381.85
5352,5349.315
2398,2394.925
4763,4762.86
6118,6115.49
5856,5842.72
5441,5394.495
2219,2218.79
3206,3205.935
2672,2679.56
895,886.46
4916,4916.235
3921,3779.18
6658,6658.09
4637,4621.105
6244,6262.43
1389,1388.495
6210,6209.04
3076,3080.635
358,357.105
4057,4031.09
4578,4562.345
365,366.21
720,719.58
2567,2569.78
4355,4379.11
5367,5342.215
778,777.56
2364,2337.715
1021,1020.965
4797,4784.075
683,682.97
3833,3838.555
781,780.94
4651,4659.755
886,885.87
2158,2156.21
6420,6419.995
448,470.64
427,427.0
6589,6587.695
3799,3799.21
2790,2805.135
4363,4343.8
396,395.97
4293,4297.675
3111,3108.975
3766,3765.57
3635,3652.2
2823,2810.485
705,705.17
5752,5745.69
4416,4417.215
3173,3126.885
5830,5829.35
3790,3788.905
5031,5030.7
2747,2747.085
6055,6043.07
5132,5310.73
843,843.075
3034,3034.03
2828,2826.91
1656,1655.145
5181,5165.14
432,432.0
6295,6289.215
843,842.245
5051,5049.86
5702,5714.105
3514,3513.42
5464,5830.35
6417,6416.44
420,419.91
362,363.13
298,298.25
542,542.64
6212,6209.19
6108,6077.03
4953,4961.595
3639,3631.21
561,560.99
3101,3094.24
2950,2949.96
6876,6875.57
5894,5893.86
930,929.12
5315,5355.615
4863,4855.635
4860,4859.215
877,872.07
4511,4513.195
6216,6244.205
5339,5308.525
341,340.055
3487,3487.145
3997,3996.915
3722,3695.265
301,301.06
4519,4512.82
4314,4293.7
2807,2806.805
602,602.065
4826,4803.2
5062,5061.915
4691,4691.835
811,826.01
5695,5691.335
5900,5888.2
3062,3045.565
4436,4441.84
999,972.03
339,339.53
1667,1667.95
768,768.12
4200,4184.945
5242,5204.46
419,418.98
3342,3341.955
4880,4846.925
350,351.115
5444,5438.125
2908,2908.52
4857,4857.255
3659,3658.11
300,300.615
4459,4476.93
6280,6279.735
357,355.845
5018,5015.07
5231,5152.65
4547,4555.1
4591,4579.465
6060,6040.76
5055,5066.645
5375,5374.215
2506,2514.885
5040,5039.15
2859,2846.515
5800,5781.575
5303,5261.68
808,807.175
2929,2928.91
2046,2056.87
2827,2842.245
4718,4720.415
2915,2921.51
4292,4293.285
5130,5106.775
6088,6087.845
3953,3974.95
4881,4879.16
5848,5842.43
6341,6348.635
2367,2367.545
5170,5167.67
3287,3286.995
4388,4395.205
3464,3463.85
5953,5952.59
5774,5773.41
5945,5942.46
655,654.9
555,554.9
2844,2843.97
317,317.125
3089,3089.25
448,447.815
6387,6386.005
308,305.535
1932,1929.245
4442,4299.39
4989,5008.22
289,280.365
5799,5772.915
4482,4484.68
2805,2807.395
3309,3309.08
231,230.99
3426,3425.76
3360,3335.705
5656,5651.415
3254,3242.39
3815,3814.48
843,802.2
4693,4677.635
2620,2617.385
570,698.33
1217,1217.765
344,346.95
4710,4706.26
628,628.475
447,446.745
2091,1818.61
1308,1311.53
1693,1703.81
745,728.76
922,922.485
414,414.53
359,360.585
3716,3717.42
3143,3140.43
3247,3247.125
4986,4986.095
571,571.045
4396,4402.415
5977,5969.485
347,340.365
359,359.53
440,439.98
2856,2853.99
292,292.0
467,467.08
2795,2794.975
5764,5763.915
3045,3033.885
6094,6093.82
788,778.96
3177,3177.0
268,278.02
4082,4096.105
295,305.07
339,338.2
5832,5831.15
4324,4566.915
404,404.165
904,902.43
6821,6816.84
839,839.065
746,730.365
4442,4443.28
2830,2829.825
689,688.935
1121,1120.995
4879,4876.275
2664,2663.235
3259,3258.75
571,571.02
393,394.18
5686,5681.73
4189,4189.05
2567,2567.07
2710,2711.73
669,668.875
5354,5351.22
2740,2737.06
6199,6198.685
4957,4955.71
4550,4542.875
905,904.73
4096,4094.405
6772,6770.875
4378,4378.855
373,373.0
1850,1846.695
5068,5140.8
5770,5769.665
287,287.895
532,531.795
5453,5456.1
346,340.975
261,260.28
4923,4914.3
252,252.33
795,794.955
948,947.825
302,302.005
870,869.37
2788,2790.235
304,304.035
5354,5361.0
5110,5099.93
5821,5819.81
800,799.97
5475,5471.77
4623,4627.075
315,315.02
687,687.045
6337,6254.96
5549,5540.89
5615,5582.345
268,268.005
212,211.955
2578,2581.38
4598,4592.17
4968,4968.05
349,350.09
1216,1216.45
4782,4766.985
4802,4803.285
661,660.985
6321,6304.375
5490,5432.005
4523,4460.62
1430,1412.835
2772,2771.935
3317,3313.205
6651,6650.83
6858,6852.95
5952,5948.875
6044,6038.425
5007,5015.785
5304,5185.68
4957,4955.94
5067,5065.23
4517,4505.67
4603,4605.44
5086,5089.055
7011,7011.705
5599,5598.675
5268,5263.285
4731,4724.07
6387,6383.28
1823,1815.965
5025,5118.68
6031,6030.46
5339,5409.09
6731,6731.09
443,441.955
5427,5408.695
2709,2706.145
476,475.985
2799,2799.365
933,932.27
2619,2612.965
2777,2777.31
353,353.005
5948,5947.67
2547,2546.845
325,324.48
458,457.825
2369,2368.42
3929,4181.485
5728,5725.455
940,940.975
344,384.155
5424,5409.715
2889,2887.965
5511,5507.21
3017,3018.42
2253,2242.595
3634,3633.94
5353,5408.475
1149,1148.265
4517,4517.16
2273,2284.375
1221,1221.81
5551,5574.475
2611,2612.695
571,579.635
5182,5181.78
848,848.025
3512,3512.0
4837,4838.895
341,341.11
4551,4550.325
5200,5194.285
234,234.05
3444,3443.915
669,668.885
5120,5120.035
5409,5391.385
628,628.08
2511,2512.055
4836,4830.755
6604,6604.325
4877,4873.44
2542,2542.145
343,343.04
4792,4792.135
5856,5866.56
1489,1489.15
729,728.715
4570,4556.98
869,868.425
3758,3757.62
4343,4328.76
2888,2882.635
4998,5055.88
4654,4653.97
1114,1101.83
4345,4323.765
3521,3520.935
5365,5351.895
4891,4775.43
344,343.965
5106,5105.615
4540,4545.39
2833,2833.46
1797,1797.465
5242,5229.105
1701,1700.805
5416,5415.395
614,613.935
3697,3713.93
608,608.085
2584,2583.39
4760,4760.565
321,321.01
4961,4957.18
317,332.975
5620,5598.455
4840,4854.775
1844,1829.605
955,955.11
934,933.825
3231,3231.125
3021,3020.945
956,956.17
1227,1229.865
5117,5117.275
4723,4650.43
4495,4503.315
4366,4372.065
337,336.835
5891,5890.725
324,315.45
1054,1053.335
367,366.0
4296,4391.365
2427,2424.965
318,318.29
790,789.975
1714,1731.59
2223,2222.505
6131,6131.285
4303,4304.755
1842,1841.265
2664,2664.195
243,242.89
4514,4513.275
4133,4129.87
353,352.385
6101,6100.62
4524,4524.065
4808,4800.565
2687,2686.845
6210,6226.065
3908,3908.39
3866,3823.77
459,458.885
5308,5281.39
5583,5450.06
2666,2666.365
909,905.74
1257,1256.37
4542,4611.975
5034,5030.535
4440,4456.34
5219,5209.095
5217,5244.665
5969,5968.675
920,894.86
4816,4796.64
4028,4009.18
3868,3868.08
4904,4889.27
5177,5183.465
4770,4815.375
3455,3456.715
470,473.945
5409,5408.22
2019,2059.07
4940,4968.975
5412,5398.23
4254,4253.785
5582,5579.045
3500,3502.38
3346,3346.055
3891,3893.715
384,384.95
827,827.075
357,357.065
819,818.9
424,424.175
5824,5814.67
2829,2828.09
799,798.7
3206,3206.13
2703,2701.42
5606,5598.11
1208,1208.985
410,410.005
829,828.305
4202,4202.575
2436,2437.625
268,267.395
5922,5921.975
4276,4275.875
4591,4595.63
5027,5008.655
4264,4260.08
4782,4780.635
6361,6292.7
3077,3075.71
5930,5924.095
6446,6445.435
4769,4771.19
5948,5947.515
5054,5053.54
289,312.24
4768,4767.795
5905,5886.76
1730,1749.77
2571,2571.41
4551,4551.205
276,276.04
508,508.19
608,608.07
5008,5007.66
4265,4269.615
2830,2829.885
424,421.325
840,834.655
3086,3085.985
3556,3540.99
4729,4774.365
4544,4508.62
2903,2905.72
4421,4419.2
4856,4855.905
5595,5616.13
5465,5464.935
462,462.045
364,363.895
5228,5271.3
516,515.985
1225,1225.55
1025,1024.475
657,657.01
3103,3102.77
6605,6586.7
6261,6261.335
4682,4682.47
5220,5216.19
2702,2703.405
272,272.035
5965,5966.235
2336,2335.225
4815,4792.935
794,791.02
4154,4153.665
4766,4757.565
6093,6100.365
6058,6065.025
301,300.63
4355,4354.755
1622,1626.475
994,992.63
5863,5862.935
340,339.935
1147,1146.74
369,369.02
2672,2671.91
374,377.865
4459,4458.94
4945,4944.965
268,268.0
3719,3718.76
4923,4910.76
5668,5667.99
1320,1320.0
6823,6542.67
5400,5396.34
6969,6969.565
669,668.895
870,869.96
5359,5359.31
3899,3899.17
2550,2561.31
4721,4725.06
6355,6355.27
5087,5046.325
5011,5010.545
6458,6456.94
531,534.415
5311,5295.075
3010,3009.84
5861,5860.94
4881,4878.595
5257,5248.13
5257,5255.585
4321,4329.755
4088,4086.73
5450,5502.15
5071,5066.15
3069,3068.88
2704,2702.755
882,882.065
5076,5087.48
2699,2699.165
6034,6006.615
301,268.64
4431,4438.32
321,321.52
783,776.765
458,464.54
882,882.105
342,341.99
2626,2627.535
1721,1721.03
753,752.565
1402,1402.235
4864,4864.14
4756,4744.97
4128,4089.79
5772,5765.855
319,319.47
3800,3799.445
2087,2081.175
4889,4877.775
4490,4513.505
2861,2861.37
4455,4455.02
2603,2602.695
4670,4692.25
5402,5403.215
3898,3897.965
3369,3368.4
2451,2451.75
2069,2066.58
2751,2691.05
5162,5156.255
5595,5605.865
3611,3610.17
427,427.03
442,442.005
4121,4121.825
6497,6497.205
4784,4752.97
4880,4873.77
6321,6296.855
6472,6468.365
4628,4627.56
1491,1491.19
1421,1484.71
4449,4425.085
3153,3153.265
379,379.05
5009,5059.625
6138,6139.405
534,534.705
5471,5493.18
421,421.265
3607,3608.1
3534,3532.395
4485,4496.985
4056,4044.47
1306,1304.595
4314,4316.49
6436,6435.6
6413,6412.715
1073,1071.89
5874,5826.695
5852,5790.405
4555,4556.41
3041,3054.715
2596,2595.195
5574,5558.91
4634,4634.205
594,591.92
3370,3369.815
4350,4338.78
3192,3171.875
5130,5136.185
5340,5323.04
274,273.995
5400,5369.96
4250,4257.865
2821,2816.295
1430,1426.97
1895,1895.22
4620,4619.86
799,798.685
1888,1912.05
4500,4483.545
2782,2786.405
3223,3222.985
622,621.93
639,639.9
6642,6641.66
5756,5739.905
1065,1065.19
4233,4218.37
5215,5213.615
4823,4814.98
460,459.96
4649,4649.685
3705,3707.815
432,433.195
2537,2536.4
5457,5404.655
4416,4419.38
3040,3041.015
2526,2530.345
443,442.765
598,597.965
791,857.775
4350,4388.245
486,485.96
4756,4756.955
3565,3564.575
350,346.11
707,706.1
5577,5557.405
433,432.9
6006,5994.755
4658,4643.245
1081,1040.405
378,377.99
5164,5182.44
4483,4444.955
3415,3432.61
281,280.995
6684,6684.29
5923,5922.46
4387,4401.47
4787,4745.65
5034,5027.87
5420,5419.745
4361,4365.51
6292,6291.76
389,383.08
247,249.105
2920,2919.91
1078,1079.355
522,522.185
2538,2543.71
5051,5049.84
378,384.37
306,317.505
6266,6273.66
1561,1565.23
3311,3310.875
3602,3601.485
3268,3259.085
811,803.705
4263,4263.45
308,308.0
3793,3793.54
5609,5589.765
6415,6414.75
718,718.0
2847,2846.71
775,774.47
612,611.125
317,317.575
4210,4208.66
293,292.475
6456,6453.55
585,585.01
5153,5148.33
3021,3020.44
6302,6300.665
6925,6922.905
3073,3072.985
1166,1166.38
3621,3620.495
2825,2816.075
5878,5877.74
730,715.425
3156,3043.48
425,425.395
673,673.055
916,915.095
2176,2171.4
4930,4907.15
425,425.605
3853,3853.325
4775,4776.37
6696,6694.125
4383,4384.19
6768,6767.92
3999,3987.38
900,899.975
357,357.0
2482,2479.35
6321,6307.665
4994,4994.01
705,704.18
6405,6404.445
4418,4616.445
3535,3534.835
574,573.985
1887,1888.37
5301,5346.18
2764,2752.87
810,809.94
2896,2900.195
4751,4753.845
4960,4960.165
5925,5923.715
326,325.845
3453,3453.2
472,460.67
1215,1253.82
4925,4848.595
305,305.005
1960,1960.3
3540,3538.625
516,505.14
4864,4864.3
2436,2445.015
4186,4175.25
256,256.03
4931,4879.345
1846,1842.26
4552,4558.76
2063,2091.165
6037,6033.355
2726,2726.185
487,491.955
5837,5836.695
3065,3055.05
1820,1819.52
3189,3186.67
3997,3996.5
947,947.2
4636,4631.2
6487,6486.605
1926,1911.465
2542,2542.855
2463,2465.735
4963,5110.675
866,865.425
5066,5065.6
4175,4165.95
5433,5428.26
1181,1180.81
5293,5336.19
5492,5486.095
6246,6246.23
2854,2852.865
309,309.005
5074,5073.82
2620,2617.205
6414,6413.82
597,596.855
2727,2724.37
5058,5057.415
4503,4505.71
3513,3574.905
4070,4080.69
6030,6026.575
5726,5725.79
2531,2532.05
347,347.235
4588,4531.52
949,948.225
4880,4876.895
2753,2753.99
5832,5817.005
392,392.035
5873,5887.945
831,814.12
434,433.97
3637,3636.65
3005,3004.83
4399,4368.515
656,656.085
2841,2840.925
2901,2905.59
2067,2067.07
5296,5288.25
5138,5138.085
3821,3844.45
5310,5272.865
386,386.415
322,313.755
5806,5762.425
3000,3006.235
4920,4904.435
369,369.3
379,374.605
5453,5451.32
4910,4902.94
5094,5093.095
1664,1664.075
355,355.04
872,871.805
5790,5796.22
3497,3496.405
2163,2161.19
655,654.94
3904,3904.22
532,531.59
331,331.055
5230,5227.995
1063,1062.375
5892,5881.31
4189,4218.64
1025,1024.22
6187,6185.515
2377,2380.17
6476,6462.59
3900,3899.915
1200,1200.045
3024,3102.68
3270,3277.31
4897,4857.985
2726,2726.36
3503,3504.115
258,258.02
488,488.07
6338,6304.995
1148,1150.31
739,739.17
6071,6096.71
3014,3013.18
6213,6219.645
1834,1849.365
321,321.15
4269,4265.91
4276,4309.21
5192,5184.08
1498,1498.24
2443,2442.475
5156,5135.26
4637,4637.0
2577,2575.795
2755,2754.805
880,879.975
2632,2631.555
4631,4663.46
1220,1222.205
337,336.325
340,339.98
1290,1293.315
4889,4884.09
792,792.82
5325,5303.55
911,911.025
979,973.22
2059,2051.265
4710,4724.03
5156,5153.605
5718,5718.265
455,454.875
6069,6045.65
603,602.975
5568,5572.17
4409,4407.335
352,352.38
4383,4432.905
1435,1433.625
5449,5474.07
4520,4513.935
4743,4743.5
261,261.005
271,271.685
5314,5305.9
6068,6059.185
4885,4873.555
313,315.67
958,957.45
5518,5583.28
3339,3338.96
390,397.425
1613,1608.355
2634,2632.665
3494,3493.02
4903,4902.335
3147,3147.035
4093,4094.915
3527,3529.39
5976,5965.175
788,772.11
5967,5948.07
792,776.76
3774,3774.065
3057,3057.65
5175,5167.1
4677,4676.85
2541,2538.72
2250,2251.555
1015,1015.875
4079,4070.785
4535,4534.705
3614,3613.95
663,663.66
5428,5417.08
5059,5060.41
3021,3021.09
4810,4791.815
1721,1721.66
4022,4023.265
6003,6002.79
3805,3804.135
2028,2027.23
5538,5536.33
4326,4352.2
6364,6363.765
5295,5294.63
6477,6473.595
1815,1934.01
5946,5946.06
765,764.45
4872,4872.035
3768,3755.7
1802,1801.82
382,376.895
5082,5076.485
2094,2095.825
549,548.905
6136,6134.13
3044,3044.415
5383,5372.165
493,434.615
4856,4830.275
3706,3725.695
2487,2485.71
5853,5844.415
6247,6237.225
2783,2914.82
3051,3050.955
5868,5867.38
330,330.005
764,762.9
3846,3839.08
296,295.595
1136,1135.58
2710,2709.57
683,683.26
1350,1351.38
5029,5036.755
2375,2373.3
4690,4692.495
2967,2972.265
2511,2516.025
3184,3183.925
4384,4589.525
785,784.955
1178,1178.1
4885,4906.385
313,313.0
1389,1388.565
304,304.0
584,583.925
4266,4215.51
1011,1010.735
810,810.055
4607,4612.225
429,430.235
5327,5324.48
5142,5463.075
4154,4156.16
4112,4102.715
2833,2833.305
2900,2899.7
453,445.96
1928,1928.205
595,595.1
4711,4721.06
1989,1945.205
2836,2836.27
4520,4519.76
3601,3600.445
847,846.99
2524,2530.475
6877,6876.225
1943,1941.98
4896,4896.535
3722,3719.175
5170,5239.04
2206,2200.08
5498,5497.54
5017,5045.07
5376,5376.205
4884,4884.15
721,721.24
5364,5180.27
3334,3333.94
356,357.435
4575,4586.61
5086,5114.745
272,271.995
3167,3089.0
758,757.185
5192,5192.705
469,469.735
882,882.465
5351,5350.935
6217,6216.685
5691,5682.41
6255,6246.9
671,670.915
386,386.25
376,378.5
483,416.65
328,327.975
5190,5185.185
2746,2746.245
1718,1729.82
325,326.135
2745,2722.72
759,758.985
6201,6208.895
1060,1059.685
5025,5024.795
4513,4500.635
5687,5691.275
3686,3633.78
4986,5047.58
3945,3944.92
3828,3827.235
6510,6510.185
1791,1802.055
3319,3318.78
1895,1910.82
2186,2216.67
629,632.39
3866,3932.82
2868,2868.06
4918,4895.78
4002,3997.835
6122,6117.52
4763,4765.805
658,657.985
5295,5283.935
2818,2822.245
4174,4163.17
5048,5046.78
5739,5738.955
270,270.015
5331,5444.1
243,252.045
270,270.005
5530,5529.4
5728,5725.835
1948,1946.135
2919,2918.665
5769,5769.04
432,435.15
770,769.985
5847,5847.025
4751,4795.7
4073,4082.48
5086,5097.87
238,237.535
4094,4077.62
4171,4188.6
4070,4106.065
2637,2637.89
2157,2160.26
4303,4325.07
5397,5361.385
683,682.86
714,713.61
4939,4938.8
5164,5164.79
4842,4841.855
2588,2586.46
882,883.405
2795,2821.945
5352,5349.14
3005,3004.095
3330,3331.765
380,380.345
2719,2718.72
4308,4308.275
2901,2918.65
418,418.17
4654,4652.905
1374,1375.295
5874,5878.43
6148,6136.62
4377,4395.905
642,641.91
3745,3745.19
4694,4694.155
4546,4548.68
6199,6202.76
3406,3405.93
855,854.975
731,730.215
5406,5422.27
6273,6253.675
5876,5864.71
4758,4757.99
2327,2511.895
6134,6158.77
4914,4913.9
4904,4898.44
861,860.995
2299,2301.61
5396,5389.53
5229,5201.605
436,436.0
3139,3127.225
4988,4987.365
840,840.07
354,353.95
4355,4416.735
449,449.025
6015,6001.16
4849,4843.605
994,994.105
5841,5819.26
3017,3014.745
2713,2712.865
788,782.61
352,351.94
1452,1452.19
3807,3807.665
4326,4325.81
4657,4656.545
371,375.98
5330,5450.915
283,283.025
3842,3809.78
2773,2774.02
4567,4566.365
4514,4513.46
2967,2919.5
6015,6010.85
411,411.975
2717,2716.865
6349,6348.97
2881,2882.19
6111,6110.66
412,411.995
824,823.665
6499,6499.805
312,328.5
859,1728.605
4943,4942.935
1304,1304.18
526,544.45
1179,1178.805
2117,2112.515
1274,1274.605
2520,2497.335
1021,1012.815
796,795.88
1594,1593.465
4839,4839.65
433,435.525
4884,4887.99
333,332.96
528,527.99
4296,4305.51
2986,2984.905
6242,6242.28
452,451.965
686,685.235
2992,2992.745
5911,5905.76
5680,5677.69
5125,5146.38
521,520.945
919,919.15
903,905.315
5639,5651.755
4324,4299.37
372,371.105
4084,4079.125
4580,4400.22
2234,2241.71
5556,5554.935
5670,5683.195
4723,4733.07
1533,1532.185
265,265.02
437,437.07
1675,1674.555
3767,3765.945
3416,3698.535
4373,4375.005
350,350.845
351,350.355
480,480.04
1825,1876.765
1489,1490.015
1670,1669.005
4891,4885.22
2232,2229.76
785,787.845
5736,5742.265
3172,3109.615
1716,1716.33
6858,6854.115
5101,5091.875
5173,5167.25
2871,2870.275
5628,5627.96
229,228.96
1539,1538.69
847,846.99
2977,2977.57
3326,3325.835
4893,4893.005
815,815.0
5669,5648.055
6508,6502.09
3458,3458.055
5315,5309.08
4388,4388.345
4581,4578.47
6172,6164.33
628,628.06
5279,5272.735
4024,4026.525
2449,2450.315
990,990.315
5576,5528.365
4273,4273.23
397,396.7
5401,5424.885
5113,5119.45
2245,2244.855
4769,4699.305
404,404.63
807,765.84
4357,4354.96
5420,5448.03
2620,2619.635
4820,4816.22
855,854.83
3704,3701.135
3394,3393.925
610,609.955
378,377.955
1824,1951.695
516,516.01
4240,4234.485
2197,2200.05
5134,5138.32
382,479.225
1449,1450.02
5340,5325.575
6121,6116.16
3193,3195.635
600,598.57
699,699.185
4777,4776.69
4318,4309.77
5064,5083.585
5185,5180.27
3275,3275.615
2106,2087.66
4954,4953.71
454,453.995
3265,3251.99
4856,4854.405
6092,6090.385
1212,1211.895
3763,3679.18
372,370.48
4441,4447.315
4784,4785.485
2231,2222.465
2692,2692.29
449,449.12
843,843.09
4760,4752.87
1227,1226.6
721,720.965
5426,5576.89
6122,6122.81
820,820.07
4981,4998.705
3063,3060.915
425,425.06
984,984.26
1940,1936.19
5341,5332.665
2997,2996.31
2995,3155.255
4933,4919.38
6157,6157.01
5595,5677.28
2161,2179.125
381,380.93
408,401.11
2900,2899.425
5056,5051.12
523,522.07
4488,4471.565
562,561.31
2903,2902.94
4544,4543.975
4798,4799.67
4910,4467.415
401,406.035
2445,2443.405
379,379.04
3078,3078.02
2132,2109.715
3514,3511.07
6505,6504.735
6201,6200.635
994,993.36
4052,4057.01
5110,5108.775
3761,3759.25
4536,4536.05
3837,3831.435
6731,6730.565
927,926.655
414,407.225
3378,3377.665
4724,4722.185
1814,1795.75
2894,2893.225
3733,3524.885
4273,4282.33
4950,4950.335
6510,6510.375
705,705.095
2749,2749.02
1708,1706.2
4086,4004.895
1071,567.12
1580,1579.275
2880,2879.595
356,355.95
657,656.975
837,836.84
2706,2705.66
2141,2140.865
559,558.71
6857,6860.705
4558,4557.96
3186,3185.875
1380,1379.825
3037,3037.88
2205,2196.675
6224,6224.89
850,850.035
7027,7007.495
1012,1012.105
6311,6310.38
5257,5257.875
1030,1028.94
457,448.825
1247,1246.925
6376,6368.89
909,908.845
4696,4689.45
5034,5163.55
547,547.105
1289,1289.19
5258,5250.87
356,356.185
963,963.385
3218,3226.12
1993,1995.515
3481,3481.375
3327,3326.17
1461,1446.035
1671,1687.11
6235,6235.16
3866,3866.12
6112,6111.86
1092,1093.105
4126,4162.615
3459,3458.515
4708,4708.26
4298,4304.375
1710,1710.71
5944,5943.23
4416,4416.72
774,778.83
3288,3273.16
1880,1883.825
3280,3279.44
4213,4211.925
3505,3504.355
5089,5087.365
6327,6321.145
3628,3628.04
5449,5401.71
2706,2706.055
4739,4738.515
4525,4524.77
3664,3663.95
4317,4301.73
4023,4024.74
301,301.035
6628,6628.15
5100,5099.9
2444,2443.52
6353,6364.83
5066,5058.87
4095,4094.36
4322,4208.545
774,778.335
4108,4177.795
5324,5317.7
532,531.91
5024,5123.415
5152,5151.445
3267,3267.315
5159,5156.155
4465,4476.44
4990,4989.955
5028,5019.0
867,866.895
2451,2455.89
2759,2758.48
4590,4559.945
1821,1820.21
922,922.635
1617,1616.505
2822,2822.365
1485,1482.115
295,294.995
6013,6014.55
3533,3535.735
4821,4826.595
350,353.14
808,807.955
775,775.02
4461,4465.04
892,890.04
2595,2594.275
5269,5284.805
4969,4968.91
5837,5836.195
2640,2640.895
2395,2393.29
237,273.105
4013,4029.97
2487,2486.955
696,695.96
5466,5404.355
1016,1016.095
1122,1115.82
4950,4955.515
4175,4154.7
4562,4561.955
435,436.165
5140,5139.015
5484,5492.69
297,296.945
594,594.09
3972,3980.145
4786,4784.885
5187,5176.005
4953,4953.1
891,891.06
855,854.825
880,879.98
2566,2568.66
5062,5061.685
2103,2102.125
5044,5043.905
3344,3343.85
4804,4791.07
1700,1698.475
5171,5166.2
5410,5430.49
5156,5172.51
3345,3344.63
498,497.975
4071,4099.095
4479,4479.605
3769,3739.88
6773,6772.075
4556,4527.855
389,388.9
2714,2701.07
6535,6535.15
5055,5053.82
2838,2837.9
4739,4737.905
6413,6411.45
6006,5997.39
2781,2795.64
403,405.12
6160,6160.455
599,606.835
1655,1653.05
2791,2790.83
3816,3819.68
561,569.28
1738,1731.45
5827,5828.98
3680,3680.165
886,885.985
4364,4362.945
5105,5104.985
854,854.0
4954,4953.93
480,480.02
2817,2816.905
6303,6301.0
5287,5277.0
2238,2239.12
5317,5245.335
4388,4384.94
3266,3265.555
3172,3172.705
6470,6467.33
4773,4770.585
6815,6814.775
3060,3059.49
6239,6238.145
786,847.41
4385,4385.09
3472,3476.415
604,603.975
5005,4993.045
4913,4784.345
1532,1532.12
854,855.72
5535,5507.755
4260,4253.525
353,353.025
4986,4991.44
5224,5219.725
5902,5901.55
2704,2703.995
3945,3944.785
5114,5114.115
2536,2530.405
5429,5402.3
5546,5542.755
3430,3430.275
6062,6061.88
223,221.985
2760,2759.78
3632,3631.51
4802,4801.885
4678,4667.26
383,382.12
6127,6127.895
4501,4516.945
4445,4444.535
6037,6012.11
4453,4452.405
628,628.08
6480,6470.325
6412,6407.61
1028,1027.84
5232,5231.275
5785,5784.39
2710,2709.865
6054,6054.025
341,341.34
4819,4832.005
3882,3881.955
4668,4663.58
1835,1835.275
2899,2899.025
5712,5712.005
6397,6396.445
243,242.955
2901,2912.47
5819,5845.505
4342,4356.015
4091,4128.875
2915,2918.52
2844,2844.015
4902,4899.445
970,968.905
3349,3306.39
790,790.045
1985,2002.605
2703,2702.975
5138,5136.335
2802,2802.235
432,432.305
5457,5457.15
3891,3935.54
2505,2471.795
2579,2578.25
2206,2202.92
3044,3043.085
1865,1902.225
850,849.995
2811,2807.885
4426,4425.915
4569,4588.145
5597,5530.965
916,917.06
4792,4791.31
354,351.165
313,311.36
340,339.755
3089,3101.595
1936,1936.67
707,669.485
379,379.025
340,340.04
5909,5890.22
364,360.77
2101,2096.775
1124,1124.26
639,638.8
2918,2917.66
6431,6431.075
893,893.01
4365,4387.7
4526,4525.625
6537,6520.05
2972,2971.805
3514,3513.585
3570,3795.475
745,719.455
6557,6556.885
918,915.82
4793,4804.645
477,476.935
4792,4792.515
6731,6729.92
5415,5373.87
426,425.905
1953,1952.57
721,716.87
1031,1031.075
6708,6709.205
1789,1788.72
3237,3237.035
365,360.625
710,709.07
4607,4606.88
2805,2800.475
1153,1152.805
1631,1579.465
6079,6070.9
573,572.895
6752,6752.005
6040,6039.78
5044,5615.79
263,262.965
4347,4315.705
481,481.065
1810,1816.085
2677,2661.275
4895,4886.645
5670,5670.11
391,391.015
4149,4147.355
2986,2985.03
5696,5685.61
4439,4451.775
5178,5201.515
6020,6015.345
3283,3282.98
4974,4988.635
2049,2048.625
4826,4785.685
6474,6473.42
338,337.795
331,331.895
4729,4731.65
400,400.005
5173,5172.46
3161,3164.135
5849,5809.775
2260,2260.59
5204,5202.04
3445,3443.945
4245,4248.035
2609,2608.89
3842,3842.815
4294,4293.01
6660,6660.09
413,413.015
1293,1381.825
4435,4416.885
1089,1090.15
1663,1655.53
556,555.815
3288,3288.22
6228,6227.425
4368,4370.25
1904,1903.73
1399,1399.7
4941,4940.96
3496,3496.265
4397,4389.405
2807,2805.865
4711,4710.66
2833,2833.225
5509,5502.195
3532,3511.09
3915,3917.885
5365,5353.035
4637,4655.16
4972,4971.945
975,974.86
2236,2232.26
4896,4896.84
1825,1863.875
2449,2453.21
1613,1613.375
2944,2944.05
5705,5693.07
359,359.94
5023,5016.705
4779,4808.09
4082,4090.445
3362,3361.965
695,694.915
5488,5444.315
3552,3551.835
4485,4452.42
5853,5849.565
362,362.22
5019,5031.3
5471,5424.77
3675,3633.805
5437,5433.395
2890,2914.67
6280,6267.8
1657,1570.935
3216,3216.03
4926,4926.165
2519,2552.1
5460,5531.91
262,262.12
2935,2930.59
271,270.99
416,416.05
5263,5257.575
1283,1282.96
5151,5145.99
4816,4497.875
571,544.865
740,740.075
4018,3996.535
5344,5332.32
317,316.875
5217,5209.67
847,847.69
347,348.465
3136,3135.77
3036,3044.675
3129,3124.765
4600,4584.77
628,628.0
289,288.99
4558,4565.705
5501,5492.1
3438,3499.34
330,330.18
295,294.985
5743,5737.79
5785,5759.495
774,768.565
5813,5804.525
5934,5924.49
1165,1166.205
5227,5192.92
2203,2202.93
5865,5865.07
4732,4759.15
226,225.0
4846,4851.205
3665,3666.77
785,784.715
5324,5301.97
2259,2240.44
482,481.86
322,322.135
2678,2674.905
295,294.825
4317,4313.695
2766,2766.115
4824,4827.97
4716,4727.535
5664,5656.21
2909,2920.42
1946,1945.695
4321,4327.435
5181,5162.945
5401,5400.56
585,585.005
1924,1923.84
5034,5031.475
956,958.345
798,793.085
4987,4991.9
3572,3559.14
3266,3265.58
2271,2271.665
3270,3270.22
4984,4983.97
2631,2630.755
6075,6068.44
4779,4774.25
5370,5364.095
1985,1978.68
4677,4594.3
639,638.88
2907,2922.795
3381,3382.34
446,536.865
4654,4648.015
5356,5354.435
350,349.955
5347,5341.47
322,321.765
4719,4719.085
4986,4985.435
5610,5607.31
5132,5134.53
2800,2801.505
4335,4381.895
287,287.045
4044,4050.36
2670,2669.295
6146,6136.615
329,328.985
3307,3307.965
371,372.405
4736,4750.405
2511,2509.87
2922,2922.65
2651,2649.895
2151,2150.39
5342,5341.525
4261,4269.02
4614,4596.925
4332,4337.74
4321,4316.0
6013,6002.985
1836,1833.875
3435,3434.695
5191,5183.75
347,347.0
3180,3179.725
1766,1766.245
671,669.655
5502,5488.06
6026,6022.105
3667,3666.835
2955,2953.94
5335,5331.3
457,457.885
534,532.24
935,935.18
3004,3004.02
382,382.18
6468,6468.22
3190,3190.565
4223,4220.165
2699,2709.775
4031,4168.585
6681,6680.925
336,335.84
5187,5184.445
4347,4346.74
1007,1006.995
4552,4527.215
2995,3015.48
950,949.795
5931,5930.645
3993,3964.195
6375,6378.17
1745,1743.58
4362,4473.94
5916,5903.26
344,344.005
6985,6987.48
622,621.97
2430,2429.405
938,938.585
1198,1197.205
521,520.915
3138,3101.005
4378,4375.175
3755,3756.08
2995,2995.015
853,853.0
398,397.99
3316,3315.89
5829,5820.675
2641,2699.235
2835,2840.54
5914,5920.23
4025,4059.655
387,389.095
4628,4627.755
5062,5060.665
4827,4837.34
395,395.76
317,328.94
5023,5018.85
5316,5271.19
310,309.97
5854,5847.465
4129,4088.505
2957,2995.12
2809,2809.01
559,558.92
5868,5867.445
5027,5022.2
3156,3156.445
6026,6015.735
258,258.025
6018,6017.73
4630,4634.56
414,414.635
919,918.955
4734,4651.46
5556,5537.115
1097,1097.545
3926,3876.565
3677,3672.92
5341,5311.08
5723,5720.985
2405,2406.605
4621,4621.085
4656,4654.76
2903,2902.395
4161,4200.365
3428,3427.05
2913,2921.43
5814,5810.23
5343,5340.875
5861,5876.49
1218,1218.885
6172,6160.13
7150,7160.105
561,561.025
3974,4031.975
2887,2898.53
3041,3040.865
482,481.82
5142,5136.47
6600,6600.375
5535,5539.285
2386,2384.855
4511,4561.4
5388,5387.07
775,774.96
4821,4820.885
5190,5188.295
4634,4633.92
4820,4825.04
479,478.18
2744,2743.765
5406,5401.565
1406,1405.92
289,290.625
2527,2536.08
364,363.935
823,823.06
508,509.265
5005,5007.33
1353,1351.735
4264,4263.965
4771,4773.405
5835,5789.18
2056,2055.455
3479,3479.17
2590,2588.46
4995,5006.815
3522,3528.29
5502,5359.045
4198,4259.19
4750,4527.165
5060,5060.045
3866,3944.3
254,261.515
327,327.475
1507,1672.915
5595,5523.62
3839,3839.15
4723,4723.245
6651,6650.55
2795,3069.35
4713,4743.465
2063,2061.465
3535,3533.01
868,867.98
5830,5820.5
1416,1417.44
3853,3782.38
2674,2681.175
5153,5130.32
6830,6764.44
3865,3808.03
728,727.925
371,374.715
522,521.975
279,278.995
5139,5138.945
3893,3894.97
5967,5955.16
5719,5681.535
221,220.475
4308,4308.37
3353,3353.76
280,279.975
941,940.87
4197,4197.08
5411,5401.69
3209,3208.165
4324,4394.485
4152,4158.335
6019,5998.91
6307,6306.71
3111,3274.52
680,680.76
3426,3522.395
531,531.135
4591,4591.08
700,699.785
337,336.925
5127,5183.075
910,910.94
6580,6578.88
4778,4777.965
919,918.735
379,379.5
2118,2119.265
3908,3905.495
4509,4503.19
5216,5209.3
4837,4837.635
5393,5390.395
4481,4484.425
3137,3136.235
2421,2550.09
2539,2577.065
2727,2726.835
2018,2016.515
2886,2935.155
531,536.025
2576,2575.95
6052,6052.43
4778,4770.16
7118,7116.88
255,254.98
4872,4873.82
5457,5435.53
1235,1235.005
3725,3718.54
3078,3077.25
5571,5565.08
2301,2300.935
459,458.77
5222,5210.9
1973,1969.77
4164,4161.22
3585,3538.605
2152,2149.975
1808,1815.36
2858,2855.75
2645,2613.535
342,341.92
6723,6722.86
1349,1350.04
4706,4706.36
6018,6030.175
4278,4277.885
2703,2702.935
3246,3244.29
6240,6230.57
5319,5315.265
973,972.76
3155,3162.74
4697,4696.105
274,274.01
530,529.99
698,698.02
335,334.985
270,276.28
6121,6120.975
3014,3013.795
354,354.64
705,705.05
3745,3745.22
6152,6147.725
363,362.94
5171,5180.85
396,399.575
2632,2632.64
6275,6268.105
705,706.48
4272,4300.72
556,555.89
237,236.975
310,310.37
977,975.9
3140,3139.835
4728,4715.915
626,625.995
2560,2558.72
599,593.615
2857,2855.73
4281,4333.93
248,247.98
4786,4788.875
4379,4394.175
3938,3956.375
4531,4525.805
5883,5806.9
4741,4798.96
4768,4767.485
5119,5149.635
2020,2019.485
938,938.735
541,540.485
3062,3073.515
4769,4786.5
594,598.725
830,828.145
4463,4472.6
1922,1921.61
5735,5732.53
3096,3095.955
3549,3567.18
5019,5018.725
6489,6477.55
4616,4615.87
5694,5698.95
3151,3150.655
5420,5436.205
856,856.005
2931,2930.67
4620,4671.725
828,827.86
1963,1936.435
900,895.09
4365,4358.54
296,295.935
5708,5702.165
559,552.025
339,338.995
2375,2373.36
5159,5424.525
3584,3585.585
1430,1430.265
427,427.045
797,797.0
3711,3708.5
412,400.47
4186,4190.355
643,642.93
6061,6060.345
2989,2987.705
3228,3232.15
4917,4871.83
2953,2953.06
5522,5546.13
6598,6597.075
3094,3093.995
4216,4217.825
419,419.015
4595,4613.165
5339,5319.345
3631,3631.09
3563,3696.96
1142,1141.485
2690,2689.865
3153,3152.63
295,295.02
6053,6052.755
4792,4800.985
727,726.95
2777,2777.385
4346,4387.245
5186,5220.995
3960,3958.725
6126,6116.315
6317,6310.29
4504,4261.365
619,618.37
4997,5051.09
2627,2626.15
422,419.745
5175,5168.505
4692,4684.74
6512,6511.46
624,623.94
3608,3607.495
4462,4461.735
2637,2635.98
5563,5553.805
805,805.05
317,310.375
3876,3876.475
995,994.96
552,550.295
4580,4590.575
2891,2890.015
4219,4219.275
297,297.005
4433,4435.17
2234,2191.1
5951,5940.885
3217,3216.835
827,825.85
676,675.98
2779,2778.33
5555,5543.725
4321,4321.07
329,328.1
5140,5327.365
306,305.98
841,840.985
5197,5191.995
5622,5611.91
3874,3859.06
2771,2771.97
5193,5189.125
5627,5626.965
6132,6131.065
6653,6653.005
4915,4916.075
6671,6669.72
5909,5906.69
3253,3252.08
6357,6356.635
6334,6333.31
497,496.985
4080,4079.695
3370,3369.98
4660,4641.59
4305,4350.595
1107,1107.05
6647,6646.2
6376,6375.805
4165,4164.975
314,313.995
5823,5822.425
2468,2466.55
3091,3096.225
3045,3044.785
1488,1487.94
4319,4312.815
4813,4803.035
1228,1225.27
4470,4457.395
1253,1254.42
4946,4946.045
571,570.995
3145,3149.66
1862,1862.105
4610,4609.975
2597,2596.505
3718,3713.145
1358,1359.105
843,842.975
6928,6925.07
2202,2199.42
446,446.125
4866,4867.5
1301,1300.4
1303,1300.925
1158,1158.055
2138,2138.205
879,875.97
2311,2311.45
4320,4325.035
6223,6211.445
5636,5355.155
944,943.56
4400,4399.625
991,992.3
4127,4125.775
2755,2755.06
6653,6652.73
6061,6061.115
413,413.0
2716,2717.03
6312,6311.555
3798,3798.86
5156,5159.02
5453,5481.725
5811,5809.545
5868,5870.03
2005,2005.36
737,736.36
4593,4592.85
4911,4911.025
5217,5208.495
4112,4112.195
4967,4967.08
5353,5349.365
4930,4929.83
4916,4916.085
2320,2316.2
4270,4269.715
2616,2617.215
5368,5364.795
801,800.825
5419,5429.09
2353,2350.025
2164,2163.43
2855,2857.965
1438,1429.79
4493,4491.825
2583,2585.18
3261,3271.36
5053,5051.565
816,816.05
3070,3070.225
5670,5670.14
949,950.02
5668,5661.325
3106,3105.66
3873,3969.51
2289,2249.36
4304,4310.425
1121,1120.995
361,350.75
4813,4801.335
4983,4982.915
2229,2229.54
3218,3217.855
810,810.03
616,615.915
1022,1021.635
4394,4393.815
374,374.04
4252,4213.83
4864,4857.23
4307,4319.275
5581,5469.2
4313,4312.915
2314,2324.405
4039,4200.61
3085,3104.775
6624,6623.895
406,398.7
536,536.08
364,365.36
3169,3169.035
342,341.955
4813,4812.895
284,284.325
331,330.73
4538,4515.38
336,327.345
6000,5988.59
3714,3701.94
4566,4566.025
4821,4802.77
4851,4850.855
710,710.675
4681,4641.985
1299,1297.98
4599,4598.635
2053,2055.185
2642,2645.64
470,469.465
891,889.33
257,256.99
4936,4937.705
5583,5466.98
4807,4809.06
6108,6107.21
4935,4934.785
6483,6478.32
1194,1196.485
1632,1632.345
4829,4827.345
3942,3942.095
3728,3739.735
6093,6096.36
2739,2739.195
4873,4877.925
2663,2636.39
2298,2302.065
3358,3344.925
4875,4887.585
3924,3916.495
2789,2789.235
5455,5570.91
3390,3390.36
349,347.315
1501,1501.03
4825,4827.195
3179,3148.87
5235,5231.085
4751,4752.035
5813,5793.475
272,272.04
963,960.035
5157,5547.695
5773,5947.02
4477,4477.715
4264,4296.52
2669,2670.875
3604,3603.935
1243,1242.315
2996,2993.91
795,876.93
2147,2147.94
3593,3592.605
424,431.43
6766,6761.26
4749,4755.59
4661,4667.315
3931,3981.84
4011,3716.835
286,284.47
3161,3121.6
4956,4956.015
5001,5001.285
3027,3027.625
2900,2900.775
6301,6284.595
516,516.005
6247,6237.25
3734,3733.27
5388,5383.05
4884,4884.05
4362,4390.095
3487,3485.495
354,353.18
4560,4571.875
5266,5298.32
5042,5069.195
5857,5853.635
1211,1233.73
3356,3356.085
5474,5461.105
4542,4536.61
4721,4715.705
6350,6350.48
4230,4230.98
4659,4549.335
3441,3441.85
275,279.93
3936,3947.68
322,322.14
4793,4778.235
4619,4615.015
4724,4737.735
6054,6054.055
2141,2140.585
351,350.97
316,315.9
4828,4829.485
655,654.97
4339,4349.635
4582,4623.235
4300,4306.135
4213,4212.685
4480,4481.085
4782,4782.62
2856,2855.525
4289,4286.885
4624,4626.185
5625,5609.785
582,582.025
3799,3799.73
6153,5785.585
4633,4632.645
4287,4339.67
6122,6117.325
5460,5453.98
507,502.82
4853,4854.095
5702,5721.455
351,350.965
3169,3154.345
4566,4565.87
4836,4856.225
1905,1868.035
330,329.995
5676,5667.27
2823,2822.565
356,353.35
259,259.0
3135,3135.165
4410,4409.93
4799,4798.765
867,867.145
5053,5049.135
4314,4322.82
4747,4742.355
1146,1146.235
1268,1266.77
3487,3486.985
666,664.975
2660,2628.88
4935,4987.755
356,358.74
4397,4383.55
4572,4561.685
5007,5007.225
5312,5320.405
4828,4832.105
844,842.49
4669,4668.95
691,690.74
752,751.205
875,874.98
3101,3101.845
272,272.05
5177,5201.325
1720,1719.28
4816,4815.865
997,996.555
4881,4877.61
4497,4488.665
3998,3996.795
4570,4567.805
5572,5587.3
4811,4806.535
1046,1045.065
1472,1488.125
4569,4567.36
1207,1366.18
4809,4808.99
1978,1969.53
2394,2392.085
4697,4697.395
376,376.015
382,389.61
353,352.54
2807,2806.91
5743,5742.95
6420,6416.645
3146,3146.055
2966,2965.79
4377,4340.77
715,714.445
1785,1788.125
3183,3183.16
870,870.01
326,324.58
5005,5104.7
4787,4760.91
2022,2139.255
5078,5071.75
794,794.08
521,512.67
365,362.915
4356,4505.48
357,356.93
343,343.205
2792,2789.16
6633,6632.1
4844,4844.37
894,894.005
4357,4357.625
4869,4870.32
4464,4426.24
377,377.04
968,967.99
5492,5558.475
5151,5126.885
3865,3866.69
1045,1043.295
587,588.95
244,243.895
2519,2562.46
915,910.815
317,316.875
1026,1024.43
4238,4234.965
5941,5950.115
791,790.615
6075,6074.34
339,339.36
2776,2774.49
2231,2225.87
4987,4986.555
4569,4568.98
896,896.05
4557,4557.075
5379,5371.405
4762,4758.56
5530,5561.165
6074,6073.745
6483,6482.83
3222,3222.0
591,576.37
964,963.98
5530,5528.805
5441,5438.08
600,600.035
744,744.08
453,452.98
770,769.965
4363,4362.36
3350,3350.245
5667,5681.83
3719,3721.28
2394,2394.01
668,668.795
6783,6782.625
5477,5472.76
5839,5831.26
273,271.785
876,875.99
4060,3920.29
4781,4778.875
1717,1720.445
3091,3091.145
5085,5096.625
448,445.25
6147,6146.575
841,840.93
2845,2860.855
572,570.885
6017,6012.205
325,333.39
1228,1236.53
5449,5426.375
917,917.14
4271,4288.22
5206,5221.825
6671,6669.74
5119,5115.33
741,741.17
2612,2613.425
1328,1357.86
1258,1257.58
6308,6307.92
4869,4863.305
6901,6900.005
4736,4734.75
294,296.91
2672,2672.205
6079,6055.2
882,882.075
599,598.895
3584,3583.75
4549,4548.965
287,286.98
3274,3274.21
271,270.99
4875,4866.945
1520,1518.39
3575,3576.075
5460,5488.31
4318,4331.13
4795,4795.0
4172,4166.12
3510,3509.915
2724,2722.56
2946,2946.305
294,294.08
1462,1457.65
367,366.92
1879,1879.665
5651,5646.29
922,919.815
3732,3731.635
845,844.985
2804,2803.825
1717,1724.74
3036,3036.09
271,270.87
2293,2287.145
425,425.995
568,568.735
351,351.0
5407,5343.685
4067,4351.825
6210,6209.71
364,364.0
812,812.185
5537,5536.725
1267,1265.31
5532,5525.83
6670,6669.82
1242,1241.38
1868,1868.06
1208,1210.445
2428,2428.895
858,858.005
952,949.945
2381,2373.785
3409,3408.16
4507,4506.38
2643,2641.46
5275,5296.46
2188,2190.635
304,305.9
604,604.05
2798,2797.31
6655,6655.035
5253,5250.965
5064,5063.44
4313,4315.065
6343,6342.585
901,900.97
5907,5899.13
5908,5907.695
4622,4613.235
4644,4644.7
6400,6400.15
382,388.08
2720,2721.46
5318,5326.015
4358,4378.39
6178,6162.63
4989,4988.805
2001,2004.345
4393,4392.755
3746,3744.56
2830,2830.0
5074,5072.085
325,335.485
2747,2751.955
6576,6576.535
2768,2769.53
5397,5423.73
1785,1785.105
5050,5014.175
251,251.16
2030,2031.78
355,355.005
5412,5411.075
2308,2320.73
5746,5745.605
420,419.965
347,346.15
2931,2930.055
4287,4281.02
5637,5620.905
516,516.005
4224,4237.105
6431,6304.465
2982,2981.805
5197,5195.545
2142,2139.295
5246,5226.58
4808,4791.6
983,983.405
5083,5436.58
3666,3665.88
5307,5308.375
6160,6157.355
401,389.295
1372,1372.145
353,353.7
2899,2877.785
4226,4288.18
2944,2943.285
2825,2815.52
959,958.745
5752,5751.83
6642,6641.52
5070,5063.555
5813,5780.04
287,278.11
4658,4653.96
1996,2001.08
5656,5644.09
4724,4729.28
233,232.94
2134,2142.695
4930,4919.225
862,862.105
2369,2367.945
4184,4182.87
2242,2260.85
810,809.93
872,873.34
2929,2931.24
424,394.445
1209,1211.4
4944,5090.3
5824,5819.425
2124,2119.21
2861,2867.63
5341,5336.63
749,743.92
3971,3968.125
429,354.695
4846,4830.62
4263,4162.6
1376,1810.4
5242,5254.175
366,365.15
2876,2876.495
765,753.52
2098,2093.395
5834,5818.26
4461,4483.96
3075,3078.66
5087,5048.0
424,423.99
317,317.055
6759,6759.64
6039,6038.035
5461,5459.08
2043,2043.58
4469,4468.915
319,319.0
245,245.035
2825,2824.665
271,270.995
3897,3822.695
717,714.62
1730,1729.135
7,5.985
2374,2373.105
4566,4571.965
3900,4005.195
6071,6047.355
5589,5588.645
2028,2027.875
3096,3095.94
6017,6013.4
4433,4404.53
1662,1660.405
1034,1033.38
4104,4047.205
845,846.63
3644,3642.64
5332,5341.71
4761,4751.21
2045,2044.2
4463,4459.285
2150,2151.825
639,638.835
3164,3164.575
3418,3560.62
4931,4906.635
5017,5238.225
3229,3228.765
4587,4586.1
4245,4253.445
4207,4201.56
6317,6316.845
401,400.985
6485,6485.14
6586,6585.65
4539,4539.525
252,252.255
3791,3797.845
6136,6126.46
2478,2477.83
2639,2626.14
2460,2403.76
1036,1026.34
1602,1600.27
3900,3929.675
5388,5395.525
5681,5673.39
686,685.465
1153,1153.115
5735,5735.095
4523,4522.885
4377,4377.99
4751,4745.43
283,282.95
1140,1139.225
5904,5900.7
4892,4899.69
3490,3489.11
1231,1231.055
1475,1474.27
7055,7061.93
2742,2741.775
3096,3122.57
4334,4323.18
5048,5047.365
4465,4464.425
4853,4853.31
246,245.635
4224,4223.965
1020,1020.105
5058,5057.62
378,378.57
5661,5661.15
3026,3025.955
685,685.93
3229,3132.23
4629,4610.905
2571,2571.38
1747,1746.96
2407,2406.73
5789,5775.905
5550,5533.98
4387,4386.115
698,698.06
4360,4337.925
401,404.89
1460,1458.175
5001,4999.1
4266,4269.18
5739,5712.595
4263,4261.575
5083,5052.09
3720,3718.865
4509,4529.46
4911,4910.945
4505,4496.84
4021,4030.6
2768,2766.39
6610,6608.005
5346,5338.34
4100,4094.635
6008,6002.005
6595,6581.31
476,480.405
1324,1323.895
2029,2025.735
3907,3767.225
5511,5506.6
3142,3141.48
592,591.97
3865,3858.595
5586,5549.365
349,349.04
5407,5400.52
5633,5624.31
5055,5419.49
4602,4587.31
3155,3165.555
5024,5018.125
4724,4724.63
3991,3977.945
3941,3969.995
350,350.08
6200,6204.19
6210,6208.655
6098,6128.02
5381,5384.82
4723,4730.895
3347,3210.995
2177,2176.2
4410,4416.375
6312,6311.54
5808,5805.64
2540,2538.38
5803,5785.73
4171,4173.715
5980,5969.83
3621,3620.84
4456,4455.505
5618,5622.905
5424,5392.655
3242,3242.185
2766,2769.2
3725,3708.785
1166,1166.465
5897,5896.36
594,594.05
2556,2551.305
2753,2753.135
5007,5007.02
4709,4705.845
268,268.0
1485,1486.06
6331,6327.095
541,539.01
966,966.225
2419,2419.395
5269,5306.66
4435,4434.895
2709,2708.425
355,354.295
4493,4493.09
722,721.97
4785,4791.185
1977,1977.985
1077,1076.705
3598,3593.135
657,657.0
377,377.04
4072,4096.41
4606,4607.12
4859,4862.99
1495,1491.965
4296,4295.785
5337,5325.465
535,535.02
3882,3879.295
2919,2918.93
1295,1488.015
2513,2511.755
5644,5644.02
5274,5233.785
4332,4343.21
1868,1868.765
2859,2858.755
5287,5263.405
4229,4229.61
4753,4753.095
6668,6667.78
2726,2730.29
4440,4441.98
2888,2888.205
4402,4410.035
384,382.405
2820,2820.1
6118,6104.855
3582,3581.435
4706,4706.155
649,648.98
1909,1911.855
4934,4934.78
6585,6584.97
353,351.915
3096,3096.03
5287,5274.435
959,917.36
272,272.065
4889,4887.22
799,796.7
2000,1999.83
2579,2579.275
338,338.165
769,767.605
4409,4413.215
3823,3847.245
1718,1720.145
1926,1925.765
434,434.745
2733,2733.625
1116,1109.525
289,288.85
4772,4774.785
3288,3288.11
4181,4180.775
5041,5039.5
2596,2597.15
5449,5419.72
2579,2593.87
904,903.96
5651,5629.45
4252,4257.17
4502,4530.265
3917,3939.73
5948,5947.925
6716,6714.21
554,554.025
6559,6558.87
1720,1420.46
3074,3077.8
376,377.35
3306,3306.075
1980,1979.135
5955,5964.51
896,896.035
4074,4063.47
1529,1528.07
4374,4395.025
2792,2792.49
693,693.0
3457,3456.69
6354,6353.775
2782,2782.385
4792,4791.985
1143,1141.32
5308,5294.04
4383,4383.915
777,776.94
5339,5299.31
329,332.625
332,328.305
878,877.95
5084,5061.095
5957,5991.82
3022,3022.115
817,816.78
6609,6602.945
3922,3921.62
675,637.29
1007,1006.385
393,402.9
6350,6349.785
4567,4566.28
667,665.705
3648,3648.405
4261,4261.64
6242,6265.535
1693,1693.51
6753,6752.45
5424,5504.365
4906,4894.145
703,696.39
1779,1778.585
1707,1705.745
335,333.82
3471,3470.85
1534,1533.41
601,601.005
347,341.195
3355,3354.95
3504,3503.99
351,350.8
403,398.52
471,478.0
5694,5693.85
2027,2025.37
6300,6299.5
5771,5754.665
438,439.775
3858,3785.665
6543,6543.215
2631,2651.935
5576,5590.09
3331,3331.045
1728,1727.39
585,494.685
4691,4711.06
826,826.075
4467,4443.74
6851,6851.765
4509,4503.94
502,499.615
4947,4994.825
3485,3484.575
6310,6272.81
4911,4887.39
3196,3196.105
6510,6510.215
2872,2871.24
5484,5476.935
3623,3621.69
4423,4425.4
3837,3865.22
6949,6948.38
4837,4839.995
4888,4888.08
1125,1124.84
4245,4391.64
4012,4015.18
2622,2621.99
3110,3109.94
6968,6817.77
4389,4389.235
4786,4780.7
6306,6303.4
345,344.67
6182,6180.13
1783,1782.335
684,683.995
887,888.335
5735,5634.74
373,369.35
3959,3958.585
1015,1014.53
4784,4786.115
5795,5769.83
5619,5615.825
3479,3479.585
2774,2772.775
2370,2373.125
4985,4984.18
3107,3112.17
4283,4284.885
5325,5315.865
2846,2869.13
719,716.035
4681,4667.545
2018,2018.415
314,312.355
656,655.9
5577,5523.635
1129,1128.965
2711,2711.015
4994,4992.13
2385,2391.13
310,310.05
741,738.02
4970,4962.79
2153,2160.05
3826,3824.06
5627,5625.575
3271,3270.8
11,306.995
4567,4566.215
5082,5489.69
5567,5491.45
4052,4210.605
5866,5861.89
5301,5351.99
348,347.845
1596,1597.39
4267,4274.705
6557,6556.875
4175,4174.05
5775,5780.87
4329,4339.9
5518,5513.56
2680,2679.89
3136,3135.74
905,906.42
4067,3581.725
5900,5915.38
3066,3062.09
3022,3020.895
5735,5735.22
3968,4036.405
4412,4294.415
4328,4328.35
5162,5152.89
4509,4521.635
6000,6000.095
2936,2930.845
4592,4591.555
481,479.71
1400,1399.265
4164,4164.495
867,866.895
792,805.74
831,831.09
580,579.985
5674,5673.92
2912,2913.445
6138,6164.94
6326,6325.68
822,821.785
2808,2817.105
5368,5344.86
4667,4671.155
592,591.99
1371,1370.67
260,260.0
3435,3434.46
5553,5561.105
423,418.275
4444,4465.27
5114,5113.86
3074,3073.7
4766,4749.055
1460,1455.165
3209,3213.575
4616,4607.61
2527,2528.955
2461,2447.945
4544,4494.81
508,489.54
6402,6398.265
1991,1991.075
5031,5083.2
731,730.23
5237,5231.52
3456,3455.95
3807,3807.67
2547,2548.935
2022,2019.615
6517,6517.1
4678,4676.49
1169,1168.835
5231,5208.84
4761,4740.37
705,705.02
4531,4530.59
5045,5437.555
4165,4156.775
5086,5085.455
4876,4875.63
865,860.815
6507,6501.095
268,268.0
2768,2768.025
935,933.92
4611,4611.07
6038,6036.225
553,552.94
6637,6599.89
5631,5630.96
3096,3071.32
450,449.795
537,537.065
2673,2673.645
573,572.755
5441,5439.83
238,237.625
2835,2834.71
3441,3441.72
5768,5748.415
4728,4727.835
6344,6340.57
3173,3171.9
6094,6094.705
1302,1302.345
962,961.78
2316,2315.455
986,985.28
6270,6269.875
651,649.965
4076,4077.53
3575,3581.87
5118,5117.465
6584,6583.07
2481,2481.96
4040,4035.725
6722,6709.6
4603,4572.85
4584,4586.235
4506,4505.935
4734,4741.28
5568,5567.005
1263,1263.295
4158,4157.385
4621,4643.185
4566,4583.08
366,367.235
2584,2583.385
4271,4249.24
3956,3952.23
3470,3526.205
4869,4869.285
2556,2556.715
439,439.02
3201,3201.88
1284,1284.085
2655,2653.97
394,394.06
509,508.945
982,982.56
5866,5847.215
327,326.97
5872,5864.46
4092,4089.49
6630,6630.045
3177,3169.31
5427,5426.945
2453,2467.49
315,314.72
6171,6176.335
4941,4940.93
340,340.265
390,387.24
2713,2710.56
5097,5059.645
5924,5923.815
4480,4487.58
743,742.8
4824,4822.38
2356,2368.325
5562,5543.485
4840,4835.645
1605,1603.575
830,829.97
4440,4445.2
394,396.125
3964,3972.425
533,546.355
1654,1653.19
3843,3842.94
2366,2361.01
1216,1212.555
2792,2791.8
4568,4577.87
566,566.055
289,289.0
4669,4669.055
658,657.97
3160,3160.62
441,441.305
521,521.015
302,302.115
342,341.93
541,531.42
1710,1712.025
804,803.03
4143,4146.89
821,820.985
3123,3124.18
1251,1254.68
4494,4504.565
4732,4718.13
676,676.105
4930,4930.21
2273,2273.615
761,760.38
15,78.575
235,236.235
4707,4715.47
408,408.12
1091,1093.025
555,532.205
2268,2264.97
3481,3456.095
3295,3294.125
2132,2316.99
1005,1003.89
4693,4682.235
539,539.0
2948,2969.28
314,313.99
605,605.27
594,593.595
822,821.95
1052,1052.575
1770,1796.73
2425,2429.035
5128,5128.975
786,785.78
3063,3062.705
6053,6053.12
6186,6185.325
4404,4395.25
4621,4623.325
5133,5101.205
4729,4705.43
3116,3115.86
2490,2491.895
3382,3382.11
5754,5751.35
2682,2682.295
5283,5246.29
4647,4647.655
4402,4412.565
843,842.39
3944,3936.03
6218,6217.09
932,930.84
4871,4871.77
4479,4488.87
5690,5699.375
1203,1202.8
7051,7054.7
939,939.055
5014,5013.255
5536,5542.73
293,293.075
4511,4434.085
4603,4603.08
6317,6316.935
1352,1351.505
1696,1695.785
4699,4623.725
4981,4980.78
332,331.95
4915,4914.875
5065,5063.535
6986,6976.245
4452,4430.82
5071,5069.9
431,432.25
367,369.395
4823,4829.72
2831,2830.015
3514,3514.095
5155,5137.31
1434,1432.75
6336,6336.52
746,745.915
4039,4039.105
4681,4719.195
632,632.01
332,331.875
6269,6268.535
6597,6597.02
2776,2777.25
6407,6407.41
302,302.09
293,293.1
5066,5124.745
5413,5405.485
2910,2911.955
5888,5887.935
5194,5279.295
5899,5907.62
4911,4910.895
5751,5753.23
975,974.1
5661,5583.975
442,441.99
4719,4785.185
1854,1853.71
5339,5384.535
5665,5664.96
2842,2853.045
577,577.01
428,427.99
6066,6062.105
294,293.94
536,535.525
4402,4403.165
6033,6000.97
378,378.145
5101,5103.905
1441,1438.485
2523,2537.755
3567,3564.39
3705,3701.335
4329,4340.4
2387,2386.575
378,376.47
5735,5734.72
858,858.14
2491,2496.125
3930,3838.9
5873,5894.82
3013,3012.55
198,196.56
548,547.825
632,632.325
1043,1042.98
6482,6482.54
3251,3247.9
5832,5804.405
3781,3768.075
5208,5213.175
360,360.24
1242,1246.04
3621,3637.47
4349,4337.595
206,207.16
2430,2429.36
253,252.9
6757,6757.54
3430,3429.875
4734,4729.43
914,914.24
1958,1956.67
619,615.4
4579,4579.085
2657,2656.775
665,664.975
6230,6175.235
2229,2228.27
652,652.02
6784,6783.6
3360,3360.155
5213,5207.23
2484,2492.87
313,313.0
5290,5213.065
6524,6522.79
3143,3143.62
5204,5303.54
6171,6189.995
6234,6219.59
6180,6180.505
6177,6176.415
540,539.98
5254,5248.32
3356,3203.155
839,838.97
4722,4724.36
5526,5538.85
4726,4726.885
2265,2263.43
3342,3314.505
5559,5557.465
5059,5063.86
690,689.9
4560,4566.54
1953,1954.385
5746,5743.285
5321,5334.72
6235,6235.27
4908,4907.33
6761,6730.555
3147,3143.085
1320,1319.885
368,374.065
3411,3410.16
1247,1246.83
5581,5539.435
6775,6774.16
347,345.87
5870,5870.16
1905,1957.23
5611,5611.015
396,393.4
703,704.675
5666,5660.305
4453,4433.365
6447,6446.41
6851,6851.665
338,338.005
385,384.85
5960,5955.25
6576,6576.41
3861,3855.215
871,871.015
3056,3055.985
1283,1282.725
5930,5937.57
3503,3502.455
4373,4299.375
3181,3181.09
5025,5012.925
4648,4648.085
6049,6042.635
4494,4494.61
4881,4864.01
5672,5643.66
442,442.01
4337,4357.5
396,396.11
861,860.995
2939,2942.665
2102,2101.795
580,579.99
3449,3448.48
4608,4602.03
4482,4488.4
4265,4268.275
4968,4967.98
5842,5729.69
6345,6343.13
1350,1349.52
3036,3036.11
680,680.015
3611,3608.65
5436,5491.65
4999,5000.63
2528,2530.875
4032,4017.53
4771,4769.595
2917,2918.5
367,369.315
2197,2195.625
6128,6167.67
2825,2815.16
343,343.3
2911,2910.08
4383,4352.97
4734,4733.655
3860,4171.025
789,788.925
5706,5682.555
1079,1079.61
4983,4980.315
2459,2543.01
4538,4541.48
6366,6366.03
2693,2687.95
5908,5893.615
3137,3136.25
6789,6788.78
5888,5889.745
2722,2721.475
281,281.0
3901,3938.375
2874,2873.985
2217,2218.45
1571,1570.31
534,521.26
5540,5532.06
4455,4432.555
5077,5061.49
744,743.81
5316,5261.23
5387,5396.9
366,367.65
1476,1474.075
255,255.035
4735,4737.305
388,384.235
5847,5843.395
435,436.075
5983,5983.035
2910,2915.655
6020,6005.645
2018,2018.345
638,636.755
1598,1611.735
6712,6712.505
4930,4566.15
5028,5018.15
3676,3657.215
5018,5102.8
2310,2310.05
741,730.97
5394,5398.65
5764,5763.815
2830,2807.795
1247,1246.855
400,399.86
4963,4968.94
4513,4515.96
4467,4464.43
384,292.05
1186,1185.46
5639,5634.78
6588,6547.35
4152,4151.51
5651,5690.25
3621,3620.675
4906,4892.095
4904,4904.095
466,439.665
2125,2124.47
5232,5211.6
2941,2938.61
6799,6798.965
812,811.565
3519,3518.565
2865,2866.55
5399,5398.66
4996,4995.765
1571,1568.55
2169,2170.18
4862,4857.435
6386,6371.965
358,353.155
4683,4677.84
2274,2272.71
4481,4476.045
6603,6601.56
2865,2866.695
2205,2204.875
5228,5301.92
2794,2797.2
5961,5959.735
710,725.515
3451,3450.345
6244,6243.675
6046,6045.96
5406,5405.515
471,471.005
4815,4816.02
2460,2434.475
1335,1335.245
4133,4212.745
3547,3577.8
6874,6874.23
3215,3128.875
1505,1506.06
4185,4056.885
723,722.735
773,773.14
1147,1146.9
1070,1071.505
901,901.005
536,804.985
3448,3448.01
5532,5568.95
640,640.36
2322,2312.665
5782,5785.745
308,314.92
4489,4488.585
3593,3591.78
4557,4531.0
5405,5402.055
4455,4454.395
877,873.55
1609,1607.375
3467,3466.98
4697,4697.21
3415,3458.115
4003,4056.665
5141,5132.305
4936,4971.535
5024,5021.62
5391,5375.135
5530,5529.105
1664,1664.145
3683,3679.18
4872,4869.895
4257,4266.18
748,747.915
4144,4134.59
5218,5215.54
5631,5582.085
1887,1883.68
3419,3418.37
5480,5685.195
2215,2214.745
581,581.0
322,321.83
1924,1923.815
681,680.825
4685,4674.07
2787,2780.97
1958,1894.255
1918,1917.73
272,272.05
795,793.765
4928,4851.325
1291,1291.59
5882,5878.915
6968,6966.555
2489,2488.195
3117,3123.66
4397,4396.92
4470,4474.205
3415,3415.165
407,407.125
2433,2433.26
3998,3921.86
373,372.125
3064,3092.45
1445,1442.175
945,945.64
4148,4148.275
5067,5063.875
2499,2498.47
5210,5202.68
3655,3649.025
3716,3715.655
597,596.85
5018,5015.885
900,893.835
3433,3432.77
2805,2804.665
2737,2737.04
239,238.985
2373,2366.85
4991,4990.51
2452,2463.355
1130,1125.8
5352,5352.305
3320,3319.75
455,454.91
5347,5345.655
4130,4125.675
6199,6225.245
6010,5832.925
5085,5085.695
4061,4070.685
6604,6604.08
358,361.455
3752,3748.13
4933,4855.67
555,555.05
5705,6208.6
4990,5026.29
2776,2775.03
4567,4560.54
289,288.92
5367,5362.96
2847,2846.9
3145,3143.785
4499,4441.65
4966,4965.83
4425,4426.67
4663,4660.515
693,693.065
884,855.11
1842,1842.27
2792,2791.855
2785,2670.98
2965,2965.04
5506,5498.865
3164,3154.23
1773,1773.19
1390,1470.145
4636,4622.315
4255,4281.16
5044,5037.0
4875,4870.71
3063,3061.815
2504,2790.235
574,573.995
469,470.045
281,280.99
6091,6070.905
4637,4637.75
6507,6501.15
834,833.61
6310,6309.945
385,400.545
5698,5687.245
278,278.04
4425,4429.145
5314,5354.755
653,652.64
819,818.93
2149,2151.9
3000,3001.855
2221,2223.875
2051,2037.625
2794,2793.0
10,336.48
667,667.015
4511,4496.535
3036,3043.09
3193,3192.67
3778,3778.06
4439,4426.43
4378,4376.79
292,292.005
963,962.48
4642,4640.365
2961,2960.68
3038,3038.54
5328,5322.48
5382,5381.905
5251,5291.74
4732,4679.525
2385,2390.125
393,392.96
2571,2570.52
2299,2297.56
5225,5188.82
376,376.025
686,685.32
4707,4707.145
5956,5955.805
4459,4458.69
2888,2890.78
920,922.0
5750,5688.22
648,648.03
2025,2025.21
313,312.96
5057,5055.92
466,469.32
870,870.0
5106,5097.51
336,336.06
656,656.135
3924,3917.345
308,307.86
4013,4011.32
4824,4824.845
975,974.04
4331,4361.405
2804,2803.61
6708,6702.945
2525,2524.775
2480,2478.135
1425,1426.355
1242,1242.855
358,357.535
1559,1559.095
2765,2764.78
665,653.645
4386,4385.925
1854,2366.935
1616,1618.07
4567,4566.295
1248,1247.315
401,398.685
333,332.985
5821,5813.47
4967,4993.23
1383,1382.28
4953,4952.91
839,839.025
5857,5849.88
4812,4812.16
5355,5364.42
1911,1915.16
1388,1388.14
261,261.005
2862,2862.015
5292,5246.52
4592,4592.01
279,279.04
2822,2821.84
3221,3221.12
1042,1042.23
4072,4027.49
251,251.095
2215,2072.96
331,331.99
4377,4378.04
6057,6065.725
2575,2572.785
2502,2500.405
5845,5843.835
3857,3856.375
636,635.685
4847,4846.67
5820,5810.755
3221,3222.58
362,367.635
671,670.92
2398,2399.295
526,544.405
4506,4493.715
3463,3462.995
4501,4578.46
4155,4154.975
4732,4714.24
4978,4977.615
6593,6592.795
360,359.78
362,361.9
6117,6119.89
2503,2502.895
2106,2108.55
3175,3181.525
6033,6017.87
1218,1236.17
4465,4464.39
362,363.345
2656,2718.305
3592,3591.675
4481,4461.195
1222,1222.235
2362,2362.24
2293,2300.835
274,272.705
363,472.79
1657,1662.065
5016,5012.98
6535,6534.97
5656,5652.59
4610,4609.78
6345,6343.445
5266,5265.955
571,574.615
5660,5207.43
518,517.97
5400,5396.445
383,383.01
4518,4517.97
5389,5369.935
5429,5425.84
4620,4619.84
867,866.685
5239,5223.18
3001,3000.36
6089,6022.85
951,948.99
1264,1264.225
794,794.095
4959,4958.715
4086,4086.535
2430,2429.63
231,231.005
427,420.895
2985,2984.535
2586,2587.365
4955,4974.285
2764,2761.295
726,725.365
1228,1227.14
370,367.09
5875,5866.285
5605,5598.655
259,258.945
6300,6271.835
2817,2901.48
4072,4071.605
5640,5634.345
4283,4269.71
4976,5146.545
2531,2532.145
4191,4191.845
4470,4466.74
4516,4525.33
467,467.005
309,308.365
4378,4406.13
2743,2751.145
716,716.085
5654,5637.885
401,401.335
1915,1919.455
1510,1522.31
2617,2616.685
339,339.19
5864,5862.135
4215,4209.245
639,638.855
2396,2370.965
4470,4715.78
3465,3585.865
3002,3001.68
3331,3318.245
2973,2974.2
3729,3729.175
372,371.93
1481,1480.925
5432,5430.055
337,334.78
5177,5229.675
774,774.045
313,312.945
5174,5166.215
3038,3037.91
2549,2564.13
422,422.23
4318,4351.855
5261,5235.4
250,252.54
1116,1115.625
595,595.165
5973,5933.965
5176,5244.63
6350,6349.995
4541,4554.445
922,921.95
379,378.965
856,855.835
3216,3215.86
2777,2777.195
4183,4183.05
338,337.41
1039,1039.685
4905,4906.355
5414,5424.295
4106,4123.09
2762,2763.92
306,305.98
667,667.01
4739,4751.87
2000,1998.44
4435,4434.85
826,826.07
5456,5359.12
639,639.125
1293,1293.355
4243,4243.185
6261,6261.0
3471,3470.985
4763,4762.785
4778,4776.86
5659,5336.205
4552,4554.085
1628,1614.49
4454,4457.19
393,392.955
4482,4482.905
2688,2693.29
3323,3298.445
2708,2707.07
4262,4260.31
4811,4819.38
3233,3232.895
286,285.705
5120,5539.1
332,334.57
5651,5650.475
5002,4996.335
3058,3058.665
3465,3729.53
543,544.825
4321,4214.275
331,333.645
4614,4626.95
4902,4901.015
5468,5467.3
4808,4839.6
4189,4189.935
6060,6068.32
2732,2731.79
4615,4625.65
5087,5067.14
2288,2417.315
4646,4646.025
4018,4046.58
1366,1364.41
5883,5882.68
426,425.935
4483,4476.765
922,922.345
5438,5483.865
398,398.195
306,306.08
1881,1875.89
3779,3788.59
4343,4359.58
5727,5485.0
3306,3306.245
6083,6083.915
5619,5584.555
2749,2744.87
877,874.58
517,517.14
4676,4669.84
5100,5079.975
2615,2620.835
2630,2629.79
4674,4673.98
5778,5792.705
2046,2017.55
2996,3003.135
5030,5029.725
3613,3557.3
6217,6203.59
6493,6454.3
280,280.015
5661,5656.23
4175,4163.81
422,421.955
4734,4424.55
2766,2765.99
6662,6658.505
1287,1286.53
649,649.0
4693,4715.005
5289,5306.34
4128,4116.375
4073,4057.8
5146,5144.025
553,560.145
3097,3096.685
4254,4214.225
5051,5071.35
4721,4721.25
235,234.88
2795,2794.965
5245,5217.015
493,396.12
5971,5972.165
2892,2903.04
1749,1747.045
3071,3069.195
2917,2916.62
4652,4652.005
5691,5686.585
5130,5109.55
334,332.995
4101,4150.255
382,377.66
877,877.01
2014,1989.765
5313,5311.88
5801,5800.54
4788,4789.195
3397,3482.435
377,377.815
4727,4721.16
3017,3016.945
2284,2282.465
1070,1068.88
329,332.015
2872,2871.26
5909,5907.52
526,527.65
4797,4777.31
4217,4212.57
2731,2730.72
4432,4438.96
6653,6658.38
2572,2571.4
1610,1609.61
1397,1396.575
3775,3777.23
4505,4484.61
378,373.845
44,339.89
369,369.27
4271,4629.1
261,260.985
5656,5666.075
854,845.77
3344,3343.03
2723,2722.88
5129,5164.205
314,313.91
1508,1508.215
4746,4730.855
833,832.985
1993,1992.415
5245,5418.105
2402,2401.255
5789,5749.775
6331,6330.875
3905,3886.495
3817,3818.415
3115,3115.075
1023,1022.89
5658,5661.62
330,330.005
4664,4662.935
987,986.745
4555,4555.01
5463,5460.73
370,369.46
5125,5117.45
2017,2017.175
1136,1135.565
4317,4317.05
4636,4606.1
746,692.155
326,324.315
1043,1044.275
6252,6251.84
843,842.185
4162,4162.735
5419,5453.435
4856,4860.83
4759,4751.93
4729,4706.565
4995,4995.155
2873,2872.57
1373,1372.59
876,875.965
6708,6709.19
5316,5265.4
5177,5203.33
6055,6051.99
3518,3531.44
3996,3987.625
5842,5912.015
370,370.28
5789,5739.725
4332,4311.04
5868,5867.795
3397,3396.505
5246,5282.43
4030,4036.235
397,404.95
4526,4525.665
4377,4407.22
293,291.54
4085,4055.135
3146,3145.68
2251,2252.155
5653,5681.245
6179,6163.2
6114,6113.39
5879,5896.235
3108,3107.985
4168,4166.805
2875,2874.985
5864,5846.125
364,389.405
417,417.015
5178,5167.9
309,309.425
2532,2531.675
3998,4043.645
6516,6516.665
313,315.41
370,370.19
2760,2757.22
4586,4621.095
277,276.9
3174,3174.015
4024,4017.62
3570,3622.435
3927,3963.31
4876,4805.67
5094,5093.93
1689,1688.995
1299,1300.775
3049,3048.41
4875,4875.41
5989,5987.045
6705,6702.9
4093,4094.275
3996,4025.88
2693,2692.875
360,360.07
1294,1293.955
5888,5888.3
5720,5711.215
6154,6147.915
381,414.49
6997,6993.395
2147,2178.165
439,438.26
395,395.02
5433,5427.15
739,739.21
5256,5256.58
3863,3801.85
424,415.315
872,871.995
2096,2097.185
3527,3526.585
504,528.875
1086,1083.52
4452,4465.5
982,978.205
1896,1897.35
3301,3300.965
3749,3748.99
211,211.215
6604,6599.74
4392,4368.65
5782,5782.07
2768,2776.9
5200,5186.365
5793,5802.42
552,552.385
5694,5690.255
5362,5380.06
4684,4753.165
6167,6133.94
903,903.685
301,300.4
938,936.71
6405,6312.7
5493,5490.645
2974,2973.865
291,289.445
1826,1825.425
4277,4317.715
3652,3650.88
687,686.685
5181,5162.5
1188,1186.965
4279,4289.575
5295,5279.64
238,237.615
6518,6517.84
4555,4554.995
3025,3024.96
1051,1051.75
4729,4723.47
1190,1188.525
6462,6462.06
308,306.89
761,761.01
2424,2423.275
4581,4569.455
326,326.245
5049,5047.98
4196,4192.54
6194,6210.585
378,383.395
422,415.195
363,364.44
5647,5646.875
2711,2710.865
3121,3123.43
5100,5100.18
234,234.105
393,393.015
477,477.14
2463,2314.61
4929,4923.0
5543,5539.795
456,444.86
4759,4758.65
1110,1107.875
1191,1190.465
319,323.245
6321,6318.965
3960,3956.07
283,282.945
4990,4989.725
5128,5127.06
5583,5604.5
516,516.0
4613,4605.755
4262,4258.87
6248,6246.925
4704,4716.315
175,163.375
2762,2764.915
259,258.995
2959,2958.4
2043,2044.225
4062,4059.355
483,485.655
5484,5483.705
2204,2171.75
5391,5394.96
647,647.685
2109,2097.44
4853,4853.765
3900,3987.075
1836,1834.72
392,395.2
1905,1903.115
2851,2850.37
2533,2525.24
4689,4690.09
5179,5176.825
427,426.98
562,561.865
5602,5601.705
5351,5353.54
2937,2939.545
6234,6232.37
1215,1216.09
2763,2763.04
4054,4066.54
1186,1185.64
5070,5073.795
2277,2277.46
2641,2640.485
5746,5745.315
3793,3806.66
3208,3213.04
864,864.01
285,289.985
771,770.255
4732,4732.04
640,641.445
5469,5467.865
879,878.98
3622,3621.485
4670,4669.985
3346,3307.475
656,656.015
3896,3895.655
5202,5209.215
550,550.025
6307,6307.01
4577,4554.685
2884,2884.03
6722,6721.455
5270,5264.06
6641,6659.745
6036,6024.235
471,474.285
383,382.49
1106,1105.04
6256,6255.82
3717,3724.97
3734,3732.56
4784,4790.205
1837,1827.43
4336,4332.29
2805,2802.325
3237,3237.1
5787,5783.735
4861,4861.085
2616,2635.82
3377,3377.275
5842,5731.81
310,310.02
4953,4952.865
1456,1455.245
5086,5065.06
1648,1647.515
5650,5636.73
5429,5425.6
5839,5842.025
2627,2632.625
5373,5310.97
4675,4675.135
4562,4531.605
4693,4698.455
1827,1826.24
3477,3476.675
3706,3740.82
737,698.12
3260,3260.0
1469,1476.375
5501,5494.745
4432,4455.425
938,937.64
2683,2683.45
5955,5946.6
5512,5512.2
485,486.5
4185,4188.38
749,748.49
5494,5467.88
468,468.145
5025,5024.375
362,362.025
5169,5190.225
739,739.0
4525,4527.33
5392,5387.285
3273,3272.19
422,422.035
1545,1545.025
3319,3312.46
5141,5141.59
4134,4134.685
2999,2999.16
5953,5959.305
2296,2298.455
4517,4504.095
3816,3804.735
799,797.61
743,741.15
4119,4111.8
5393,5389.155
3823,3822.13
3497,3645.37
4313,4312.13
337,340.46
1618,1618.575
6110,6110.065
351,351.845
2958,2957.795
1427,1419.315
991,990.305
2704,2703.195
6298,6297.805
2466,2460.785
5048,5048.96
2009,2008.58
4588,4618.12
972,972.735
914,914.06
4395,4384.355
5956,5962.485
969,969.23
786,786.0
2153,2151.795
2460,2502.115
4368,4266.44
4724,4724.28
3519,3476.135
5210,5480.525
6082,6084.53
6104,6105.33
422,422.02
4604,4603.63
2781,2780.955
2609,2609.025
4789,4791.74
5274,5283.96
6266,6265.825
6339,6339.095
2552,2553.36
620,619.985
3560,3559.895
4081,4044.605
2265,2259.185
409,408.935
3870,3871.315
3197,3196.965
822,821.62
4822,4821.86
1249,1248.11
3628,3641.455
1871,1870.02
327,326.9
255,255.005
357,358.635
5240,5210.045
4161,4160.91
5240,5241.41
2617,2616.85
4776,4772.545
4406,4407.505
5732,5737.73
4682,4682.02
5593,5590.565
2793,2790.595
4083,4065.45
3245,3277.26
5653,5640.615
366,365.97
3271,3295.325
6298,6297.595
3269,3266.46
501,499.52
5424,5398.505
338,338.055
6046,6045.44
367,367.05
1512,1511.62
351,350.99
666,666.02
420,419.94
379,379.025
5721,5718.165
6036,6035.975
391,388.11
6202,6202.04
574,573.86
2072,2072.37
4218,4208.8
3233,3232.925
5444,5481.36
286,285.78
6025,6012.175
4901,4845.76
213,212.235
874,873.735
2542,2538.915
1415,1414.27
325,325.08
4359,4359.495
2796,2823.245
2525,2526.19
356,354.205
3725,3723.98
2008,1984.675
5066,5065.33
308,319.675
5032,5030.415
4172,4168.26
5225,5189.495
903,902.445
1708,1707.61
4977,4978.24
300,300.365
419,416.38
4404,4414.17
249,252.27
2056,2038.26
2320,2347.835
331,339.04
2222,2220.38
2987,2978.71
3674,3673.295
5836,5852.75
2818,2817.575
4362,4362.015
1132,1131.82
2347,2352.57
6071,6070.485
3427,3426.47
830,829.935
680,679.98
1015,1014.335
2615,2620.34
5179,5179.08
4556,4556.085
479,478.995
3095,3095.0
4802,4573.155
741,740.93
5205,5201.12
2802,2801.405
6006,5987.105
4846,4840.06
6551,6550.71
4458,4458.07
3441,3559.555
2347,2346.735
2868,2867.24
3567,3594.825
819,818.87
2371,2369.555
3221,3220.935
5145,5144.84
446,446.885
5095,5092.93
409,408.97
5502,5546.255
4452,4449.19
5385,5377.66
377,377.04
619,618.69
4644,4644.065
5258,5253.78
5995,5994.82
811,811.005
4948,4948.5
1174,1169.445
666,666.06
4850,4844.63
5485,5458.695
6638,6636.325
2666,2666.305
3407,3405.56
1128,1128.32
4021,4177.32
279,279.04
4392,4553.5
4939,4939.22
479,479.165
1778,1783.52
4815,4817.64
1387,1374.54
743,744.185
4452,4420.815
375,374.99
2084,2079.47
3215,3223.835
4548,4538.19
3288,3288.205
4894,4864.22
2528,2525.045
3544,3526.835
283,283.09
1064,1064.01
429,428.9
2724,2714.67
459,460.035
4831,4834.125
3076,3075.72
4917,4842.235
2834,2838.055
2165,2140.035
503,502.57
2456,2463.71
1348,1348.75
338,337.82
2314,2317.475
5343,5293.425
5280,5277.34
5365,5360.085
4864,4864.285
2336,2341.97
3129,3161.37
431,431.85
3205,3204.785
351,351.0
6472,6472.1
644,644.015
3959,3908.515
4604,4579.39
4189,4195.555
325,324.975
5049,5205.39
4514,4474.665
2338,2342.205
4659,4658.8
681,680.905
2761,2760.73
3519,3518.045
585,585.01
5529,5522.28
5122,5268.95
2951,2950.77
685,685.025
4644,4643.66
4317,4314.605
2581,2581.04
5996,6005.135
2608,2608.11
359,355.785
2024,2024.68
4987,4986.525
2784,2790.46
5340,5256.34
6222,6221.96
339,339.015
1727,1723.15
5146,5141.035
6326,6325.74
6112,6002.42
907,902.855
352,351.98
4332,4331.435
3977,3975.03
2069,2069.17
5083,5082.4
1092,1092.815
3370,3340.6
2790,2782.315
1800,1789.125
4560,4563.75
4610,4609.915
5350,5370.055
5617,5616.895
5267,5258.015
2988,2987.75
340,339.69
423,423.155
6618,6597.75
5670,5698.365
303,302.99
5351,5348.265
4763,4752.41
3078,3077.925
3115,3115.345
776,774.885
2846,2845.965
4909,4908.81
1575,1575.695
3748,3736.305
5652,5651.89
2255,2255.875
698,697.005
3727,3724.865
5810,5762.44
1215,1214.67
5985,5982.095
1868,1868.03
3505,3504.955
4789,4609.335
4718,4718.94
925,924.695
4473,4472.84
3277,3270.76
980,979.5
4979,4978.88
304,303.96
3039,3041.67
384,383.1
686,684.845
2638,2636.975
463,462.935
1057,1051.965
3217,3217.005
5499,5494.255
4630,4630.435
4956,4984.025
3770,3770.1
2040,2039.095
5423,5404.845
629,628.82
347,346.165
1115,1119.855
4484,4509.73
698,684.165
1744,1743.45
3756,3756.6
4371,4370.95
4093,4000.74
847,847.75
2499,2498.275
5225,5201.69
2494,2493.975
6306,6305.665
5031,5036.91
2279,2277.31
2631,2631.735
4614,4618.275
739,740.2
2874,2873.975
1182,1183.18
2801,2801.395
4882,4879.8
298,297.85
423,423.01
2650,2650.485
1855,1852.99
1270,1286.84
5306,5320.345
5666,5659.915
1179,1178.85
5690,5690.29
5161,5152.92
235,234.975
2577,2576.315
6415,6407.155
2335,2345.54
4525,4521.365
3678,3659.75
5667,5666.985
5020,5015.375
5801,5797.15
4599,4599.095
3189,3189.05
5120,5121.335
4340,4185.035
3397,3397.01
5341,5369.12
2488,2488.595
3189,3189.055
894,894.02
4452,4448.815
6222,6221.785
5288,5286.15
4995,4994.425
705,703.05
5417,5375.26
6220,6219.945
4703,4702.415
943,941.78
433,458.065
2746,2745.425
5065,5075.54
5254,5245.275
4551,4536.485
5062,5052.48
5868,5864.225
3189,3186.8
4451,4450.975
3098,3098.6
3545,3591.935
5444,5441.695
2978,2977.965
315,314.99
4623,4640.735
1936,1936.24
3071,3073.065
787,785.14
5439,5420.575
1512,1540.87
398,403.855
2294,2294.025
489,489.05
870,869.995
551,552.955
3166,3161.12
6034,6039.61
1150,1149.66
2758,2766.04
5490,5432.56
2092,2090.96
4247,4177.65
4523,4523.0
496,496.04
4917,4904.415
5409,5301.34
4046,4076.13
5510,5485.355
2669,2670.425
254,252.805
2152,2150.315
4279,4282.85
4684,4664.655
4744,4567.365
1834,1767.995
3652,3627.1
5327,5313.29
738,736.785
4532,4529.32
2945,2959.65
6215,6211.46
5220,5360.97
6029,6025.75
2912,2911.11
6700,6699.37
3920,3919.56
1505,1506.015
658,657.995
2491,2485.93
368,376.355
5633,5661.075
4433,4448.695
5181,5149.015
2869,2868.235
2066,2065.955
5039,5043.93
443,443.515
4943,4942.975
5847,5843.21
544,544.005
5264,5262.635
4226,4225.78
2384,2369.86
2898,2901.675
4840,4850.855
100,330.3
5120,5117.56
833,833.01
6283,6297.155
3660,3618.44
2330,2325.995
5687,5681.455
